1963,Cardiff
1083,Swansea
723,Newport
456,Wrexham
406,Merthyr
404,Liverpool
360,Llanelly
357,London
326,Pontypridd
326,Birmingham
277,Aberdare
263,Manchester
247,Neath
222,Barry
206,Dowlais
201,Bristol
193,Carnarvon
178,Bangor
176,Abergavenny
167,Pontypool
164,Tredegar
163,Holyhead
159,Penarth
159,"Newport, Mon."
155,Carmarthen
147,Abertillery
125,Welshpool
125,Bridgend
122,Ebbw Vale
121,Rhondda
121,Llandudno
113,Ruabon
111,Mountain Ash
111,Bolton
108,Rhyl
108,Aberavon
107,Mold
103,Newtown
102,Pembroke
101,Aberystwyth
98,Morriston
97,Islington
96,Stockport
94,Porth
94,Flint
94,Ferndale
94,Denbigh
93,Brecon
93,Blackburn
91,Haverfordwest
91,Birkenhead
90,Cwmbran
86,Treorchy
86,Treforest
86,Rhymney
84,Chester
83,Briton Ferry
81,Treherbert
80,Cardigan
79,Salford
78,Blaenavon
76,Oldham
76,Bedwellty
74,Roath
73,Treharris
73,Chepstow
72,Wolverhampton
71,Ystrad
71,Blaenau Festiniog
70,Tylorstown
70,Maesteg
69,Colwyn Bay
69,Caerphilly
68,Monmouth
67,New Tredegar
67,Holywell
67,Bargoed
66,Port Talbot
66,Hereford
65,Trealaw
65,Penrhiwceiber
65,Milford Haven
64,Llangollen
62,Festiniog
61,Pembroke Dock
60,St. Helens
60,Preston
59,Risca
59,Pwllheli
59,Oswestry
59,Blaina
58,Tonypandy
58,Llandilo
58,Blackwood
56,Warrington
56,Penygraig
56,Newbridge
54,Llantrisant
54,Llanbradach
54,Burnley
53,Brynmawr
51,Mardy
51,Conway
50,Tenby
50,Cheltenham
49,Sheffield
49,Llanwonno
49,Gloucester
49,Battersea
48,Pontnewydd
48,Llandaff
48,Abercynon
46,Buckley
45,Caerau
45,Cadoxton
43,Pentre
43,Ogmore Vale
43,Hyde
43,Cwm
43,Clydach Vale
42,Ruthin
42,Llanhilleth
42,Fishguard
42,Abercarn
41,Whitchurch
41,Shrewsbury
41,Pengam
41,Leeds
41,Lambeth
41,Bethesda
41,Bermondsey
39,Skewen
39,Pontycymmer
39,Pontlottyn
39,Llanrwst
39,Llanberis
39,Gorseinon
39,Corwen
39,Bethnal Green
38,Llanidloes
38,Kidwelly
38,Hawarden
38,Cwmavon
38,Canton
38,Bath
38,Barry Dock
38,Amlwch
37,Wigan
37,West Bromwich
37,Walsall
37,Landore
36,Senghenydd
36,Connah's Quay
36,Abergele
35,Ynyshir
35,Nelson
35,Hanley
35,Clydach
35,Ashton-under-Lyne
35,Abersychan
35,Aberaman
34,Towyn
34,Pontardawe
34,Penmaenmawr
34,Dolgelly
34,Crumlin
34,Camberwell
34,Bradford
34,Abertridwr
33,Walthamstow
33,Rochdale
33,Macclesfield
33,Llanfairfechan
33,Grangetown
33,Bagillt
32,Ystradgynlais
32,Worcester
32,Stalybridge
32,St. Woollos
32,Merthyr Tydvil
32,Machynlleth
32,Llangefni
32,Dublin
32,Aberbeeg
31,Llwynypia
31,Llansamlet
31,Llandovery
31,Llanbeblig
31,Darwen
31,Burslem
31,Burry Port
31,Bootle
30,Tonyrefail
30,Stepney
30,Portmadoc
30,Nantymoel
30,Nantyglo
30,Llanrug
30,Fulham
29,Pontnewynydd
29,Pontardulais
29,Mumbles
29,Gwersyllt
29,Brymbo
29,Beaumaris
29,Ammanford
28,Tunstall
28,Pontygwaith
28,Dinas
28,Crewe
27,Widnes
27,Southwark
27,Resolven
27,Pendleton
27,Old Colwyn
27,Marylebone
27,Longton
27,Lampeter
27,Gilfach Goch
27,Broughton
26,Ystradyfodwg
26,Porthcawl
26,Nevin
26,Loughor
26,Dolgelley
26,Carlisle
25,Trevethin
25,Shotton
25,Llanfair
25,Llandebie
25,Hackney
25,Caerleon
25,Brithdir
25,Anglesey
25,Aberfan
25,Aberbargoed
24,Ystalyfera
24,Usk
24,St. Asaph
24,Narberth
24,Llanrhaiadr
24,Blaengarw
23,Ynysybwl
23,Northampton
23,Llanllyfni
23,Glamorgan
23,Chirk
23,Cefn
23,Bala
23,Accrington
23,Aberkenfig
22,Ton Pentre
22,Tirphil
22,St. Pancras
22,Poplar
22,Plymouth
22,Newcastle-on-Tyne
22,Maindu
22,Hull
22,Cwmcarn
22,Cowbridge
22,Colne
21,Walworth
21,Troedyrhiw
21,Runcorn
21,Rhosddu
21,Rhos
21,Penygroes
21,Pencoed
21,Merthyr Vale
21,Menai Bridge
21,Llanerchymedd
21,Llanddeiniolen
21,Knighton
21,Holloway
21,Gelligaer
21,Bedminster
20,Taunton
20,"St. Helens, Lancs."
20,Paddington
20,Llangattock
20,Leicester
20,Hoxton
20,Gresford
20,Glyncorrwg
20,Cwmaman
20,Coventry
20,Cork
20,Clerkenwell
20,Bury
20,Bedwas
19,Southport
19,Prestatyn
19,Montgomery
19,Margam
19,Llandwrog
19,Henllan
19,Hengoed
19,Griffithstown
19,Exeter
19,Ellesmere
19,Denton
19,Cymmer
19,Cwmtillery
19,"Canton, Cardiff"
19,Altrincham
18,Trehafod
18,Swindon
18,Rogerstone
18,Port Dinorwic
18,Pontymister
18,Pontyberem
18,Peckham
18,Newcastle Emlyn
18,Mostyn
18,Machen
18,Barmouth
17,Westminster
17,Tottenham
17,St. Clears
17,Shoreditch
17,Rock Ferry
17,Penrhyndeudraeth
17,"Newport, Mon"
17,Llanfyllin
17,Llandysul
17,Leigh
17,Kidderminster
17,Hulme
17,Holborn
17,Hammersmith
17,Fenton
17,Cwmyglo
17,Cwmdu
17,Cwmbach
17,Beaufort
16,Whitland
16,Trawsfynydd
16,Talgarth
16,Stratford
16,Stoke Newington
16,Sketty
16,Panteg
16,Norwich
16,Newcastle
16,Llysfaen
16,Llanover
16,Llanfihangel
16,Llandyssul
16,Leyton
16,Leominster
16,Gelli
16,Farnworth
16,Cilfynydd
16,Bedlinog
16,Bassaleg
15,West Ham
15,Waenfawr
15,Southampton
15,Smethwick
15,Seacombe
15,Rhayader
15,Pontllanfraith
15,Penydarren
15,Nottingham
15,Neyland
15,New Quay
15,Llangyfelach
15,Hirwain
15,Heywood
15,Groeslon
15,Glyn Neath
15,Glasgow
15,Edinburgh
15,Cwmparc
15,Clapham
15,Blackpool
15,Aldershot
14,Ystradfodwg
14,Tongwynlais
14,Stoke-on-Trent
14,Seven Sisters
14,Portsmouth
14,Oxford
14,Northwich
14,Middleton
14,Maindee
14,Llantwit Vardre
14,Llansantffraid
14,Llanllechid
14,Llandrindod Wells
14,Hope
14,Halifax
14,Gowerton
14,Dukinfield
14,Derby
14,Cross Keys
14,Crickhowell
14,Criccieth
14,Congleton
14,Coleford
14,Chorley
14,Builth Wells
14,Berriew
13,Ynysddu
13,Wellington
13,Trowbridge
13,Tondu
13,Tiverton
13,Sunderland
13,Sirhowy
13,Rhostyllen
13,Reading
13,Llanon
13,Llangeinor
13,Huddersfield
13,Deri
13,Cwmbwrla
13,Cogan
13,Brixton
13,Bow
13,Bodorgan
13,Bilston
13,Ardwick
12,Workington
12,Wandsworth
12,Walton
12,Stafford
12,Saltney
12,Rhuddlan
12,Pontyclun
12,Penmachno
12,Newton
12,Nantwich
12,Milford
12,Llandinam
12,Kirkdale
12,Kilburn
12,Ellesmere Port
12,Edmonton
12,Dudley
12,Devonport
12,Deganwy
12,Cwmfelinfach
12,Croydon
12,Coity
12,Cockett
12,Cefn Coed
12,Bersham
12,Barnsley
12,Atherton
12,Abergwynfi
11,Wattstown
11,Talybont
11,Splott
11,Ross
11,Radcliffe
11,Queensferry
11,Plasmarl
11,Oldbury
11,Northop
11,"Newport,Mon."
11,Nantyffyllon
11,Moelfre
11,Middlesex
11,Market Drayton
11,Llanybyther
11,Llangonoyd
11,Llandegai
11,Llanbrynmair
11,Liswerry
11,Lancaster
11,Kensington
11,Hampstead
11,Gorton
11,Garndiffaith
11,Fochriw
11,Everton
11,Ebenezer
11,Dyffryn
11,Clynderwen
11,Cinderford
11,Chadderton
11,Burton-on-Trent
11,Brighton
11,Bridgwater
11,Borth
11,Bettws
11,Barrow-in-Furness
11,Aston
11,Abertysswg
10,Ystrad Mynach
10,Williamstown
10,Willesden
10,Weston-super-Mare
10,Trelewis
10,Taffs Well
10,Sudbrook
10,South Shields
10,Sale
10,Royton
10,Rotherhithe
10,Rotherham
10,Raglan
10,Ponkey
10,Plaistow
10,Penclawdd
10,Pen-y-Graig
10,Openshaw
10,Middlesbrough
10,Meifod
10,Mansfield
10,Lydney
10,Llanwrda
10,Llanfwrog
10,Ledbury
10,Laugharne
10,Kington
10,Kingston-on-Thames
10,Kerry
10,Hindley
10,Harlech
10,Handsworth
10,Gilfach
10,Dyserth
10,Deptford
10,Christchurch
10,Cheadle
10,Cathays
10,Castleford
10,Caersws
10,Bollington
10,Blaenllechau
10,Blaengwynfi
10,Beddgelert
10,Bacup
10,Abercwmboi
9,York
9,Whitehaven
9,Tregarth
9,Tregaron
9,Talysarn
9,Stratford-on-Avon
9,Saundersfoot
9,Rumney
9,Rossett
9,Penrhiwfer
9,Pembrey
9,Newborough
9,Miskin
9,Miles Platting
9,Manselton
9,Maidstone
9,Ludlow
9,Llanymynech
9,Llanuwchllyn
9,Llantwit Major
9,Llanstephan
9,Llansadwrn
9,Llangibby
9,Llangedwyn
9,Llandrinio
9,Llanbedr
9,Llanbadarn
9,"Leigh, Lancs."
9,Kenfig Hill
9,Hay
9,Hafod
9,Greenwich
9,Glossop
9,Failsworth
9,Dinas Powis
9,Dalston
9,Cross Hands
9,Coedpoeth
9,Clitheroe
9,Clifton
9,Churchstoke
9,Chelsea
9,Cefn Mawr
9,Canterbury
9,Caldicott
9,Brynamman
9,Bideford
9,Belfast
9,Argoed
9,Aberayron
8,Ynysboeth
8,Woolwich
8,Winsford
8,"Whitchurch, Salop"
8,"Whitchurch, Glam."
8,Warwick
8,Tumble
8,Trefriw
8,Trefnant
8,Trebanog
8,Swinton
8,Surbiton
8,Solva
8,"Sebastopol, Mon."
8,Seaforth
8,Rhosllanerchrugog
8,Radyr
8,Pontywain
8,Pill
8,Penybont
8,Penge
8,Newton-le-Willows
8,Newbury
8,Moss
8,Mitcham
8,Malpas
8,Llantarnam
8,Llanishen
8,Llanfrechfa
8,"Llanfair, P.G."
8,Llanarth
8,Kennington
8,Ilfracombe
8,Holt
8,Hadfield
8,Glanamman
8,Garnant
8,Egremont
8,Eglwyswrw
8,Eastbourne
8,Durham
8,Dawley
8,Clun
8,Clayton-le-Moors
8,Chirbury
8,Canning Town
8,Builth
8,Bromsgrove
8,Blaenrhondda
8,Blaenau Ffestiniog
8,Bishop's Castle
8,Barnstaple
8,Bangor-on-Dee
8,Abererch
7,Winchester
7,Wilmslow
7,Whitefield
7,Wellingborough
7,Waunllwyd
7,Talywain
7,Sutton-in-Ashfield
7,Sutton
7,Stretford
7,Stoke
7,St. Dogmaels
7,Shifnal
7,Rugeley
7,"Ross, Hereford"
7,Rhosymedre
7,Ramsbottom
7,Pyle
7,Presteign
7,Prescot
7,Prendergast
7,Port Madoc
7,Pontefract
7,Pinxton
7,Pentyrch
7,Pentrebach
7,Patricroft
7,Onllwyn
7,Oakenholt
7,"Newtown, Mont."
7,New Ferry
7,Neath Abbey
7,Minera
7,Mile End
7,Middlewich
7,Merthyr Tydfil
7,Malvern
7,Luton
7,Llansilin
7,Llangwm
7,Llangennech
7,Llangadfan
7,Llandegfan
7,Llanbister
7,Litherland
7,Leytonstone
7,Letterston
7,Knutsford
7,King's Cross
7,Kentish Town
7,Hertford
7,Hastings
7,Harpurhey
7,Gower
7,Glyn
7,Garn
7,Dunvant
7,Dover
7,Dolwyddelan
7,Dinas Cross
7,Cradley
7,Colwyn
7,Cefn Cribbwr
7,Caergwrle
7,Bryngwran
7,Bromley
7,Bridgnorth
7,Boncath
7,Bodedern
7,Blaenclydach
7,Birkdale
7,Bettws-y-Coed
7,Begelly
7,Atherstone
7,Aberporth
7,Abergwili
7,Aberffraw
7,Aberdovey
7,Aberdeen
6,Ystradmynach
6,Ynysbwl
6,Wimbledon
6,Westbury
6,Wednesbury
6,Urmston
6,Tynewydd
6,Tyldesley
6,Tycroes
6,Trevor
6,Trefeglwys
6,Tipton
6,Tavistock
6,Talsarnau
6,Stockton-on-Tees
6,Stapleton
6,Sparkbrook
6,Soughton
6,Sherborne
6,Shepton Mallet
6,Sebastopol
6,Sandbach
6,Rhiwderin
6,Rhayadr
6,Queen's Ferry
6,Portmadog
6,"Porth, Glam."
6,Pimlico
6,Penydaren
6,Pennal
6,Penmorfa
6,Penmaen
6,Overton
6,Ormskirk
6,North Wales
6,"Newport,Mon"
6,New Brighton
6,Nantgaredig
6,Monkton
6,Malmesbury
6,Magor
6,Llantwit
6,Llantrissant
6,Llanrhystyd
6,Llannon
6,Llanguicke
6,Llangendeirne
6,Llanfynydd
6,Llanerfyl
6,Llandysilio
6,Llandudno Junction
6,Llandrillo
6,Llandegla
6,Llanddona
6,Llanasa
6,Liscard
6,Limehouse
6,Levenshulme
6,Leeswood
6,Leek
6,Leamington
6,Kilgerran
6,Kendal
6,Ipswich
6,Hornsey
6,Hednesford
6,"Hay, Brecon"
6,Gwalchmai
6,Grimsby
6,Greenfield
6,Goodwick
6,Glan Conway
6,Gaerwen
6,Frome
6,Frodsham
6,Fleur-de-Lis
6,Ferryside
6,Felinfoel
6,Eglwysilan
6,Droitwich
6,Douglas
6,Dewsbury
6,Darlaston
6,Cwmtwrch
6,Cwmsyfiog
6,Cwmllynfell
6,Crynant
6,Clapton
6,"Chorley, Lancs."
6,Chelmsford
6,Chatham
6,Cerrig-y-Druidion
6,"Cathays, Cardiff"
6,Caldicot
6,Caerwys
6,Bwlch
6,Burton
6,Bryncoch
6,Broseley
6,Bridgewater
6,Bodfari
6,Bloxwich
6,Bistre
6,Bethel
6,Beswick
6,Barking
6,Ashford
6,Ancoats
6,Abersoch
6,Abernant
6,Abercrave
6,Abercanaid
5,Ynyscynhaiarn
5,Windsor
5,Willaston
5,Whitford
5,West Hartlepool
5,West Gorton
5,West Derby
5,Wells
5,Wavertree
5,Watford
5,Vauxhall
5,Troedrhiwfuwch
5,Trecynon
5,Trecastle
5,Trebanos
5,Torquay
5,Todmorden
5,Tewkesbury
5,Tenbury
5,Taibach
5,Sydenham
5,Stroud
5,Streatham
5,Stonehouse
5,Stockton
5,Stirchley
5,"St. Pancras, London"
5,St. Dogmael's
5,St. Albans
5,Somerton
5,Six Bells
5,Sirhowey
5,Shaftesbury
5,Shadwell
5,Scarborough
5,Sandycroft
5,Rugby
5,Richmond
5,Rhondda Valley
5,Redhill
5,Redditch
5,Ramsgate
5,R.N.V.R.
5,Poulton
5,Portland
5,Port Sunlight
5,Pontrhydyfen
5,Ponthir
5,Peterborough
5,Penycae
5,Pentraeth
5,Pendlebury
5,Pencader
5,Pemberton
5,Padiham
5,Ogmore
5,Oakdale
5,Notting Hill
5,Northfields
5,"Newport, Pem."
5,Newchurch
5,New Cross
5,Nantmel
5,Moss Side
5,Mochdre
5,Manorbier
5,Lytham
5,Llanwrtyd Wells
5,Llantwit-Major
5,Llangynog
5,Llangynidr
5,Llangunllo
5,Llangar
5,Llangadock
5,Llanfyrnach
5,Llanfair P.G.
5,Llanfaes
5,Llanegwad
5,Llanegryn
5,Llandulas
5,Llanddewi
5,Lewisham
5,Kingsland
5,Kilkenny
5,Horsham
5,Hopkinstown
5,Homerton
5,Hollinwood
5,Highgate
5,High Wycombe
5,Heeley
5,Haslingden
5,Halkyn
5,Hale
5,Guilsfield
5,Guildford
5,Glais
5,Gilwern
5,Georgetown
5,Fleetwood
5,East Dulwich
5,Dunstable
5,Dundee
5,Dulwich
5,Dinas Mawddwy
5,Didsbury
5,Darlington
5,Corris
5,Clayton
5,Chiswick
5,Chesterfield
5,Carno
5,Cambridge
5,Caio
5,Caerwent
5,Bwlchgwyn
5,"Bury, Lancs."
5,Brynsiencyn
5,Bryncethin
5,Bramley
5,Bradley
5,Bradford-on-Avon
5,Bettws-y-coed
5,Bedwelty
5,Bedford
5,Beckenham
5,Batley
5,Balsall Heath
5,Ashton-on-Mersey
5,Anglesea
5,Acton
5,Aberaeron
4,Yeovil
4,Yarmouth
4,Worksop
4,Withington
4,Willesden Green
4,"Whitchurch, Cardiff"
4,Wenvoe
4,Wattsville
4,Waterfoot
4,Warminster
4,Waltham Cross
4,Wallasey
4,Walford
4,Wakefield
4,Ty Croes
4,Tupsley
4,Trelaw
4,Titley
4,Thornbury
4,Templeton
4,Tanyfron
4,Talycafn
4,Swansea Valley
4,Stourbridge
4,Steynton
4,St.Clears
4,"St. Mary's, Brecon"
4,Spitalfields
4,Southsea
4,Southfields
4,Somerset
4,"Small Heath, Birm."
4,Shepherd's Bush
4,Shaw
4,Sarn
4,Salisbury
4,Rusholme
4,Rudry
4,Rhosgoch
4,Rhos-on-Sea
4,Radnor
4,Pwllgwaun
4,Putney
4,Pontyrhyl
4,Pontsticill
4,Pontrhydyrun
4,Plumstead
4,Pershore
4,Penrhyn
4,Penally
4,Pembridge
4,Pantyffynon
4,Oswaldtwistle
4,Norwood
4,Newton Heath
4,Newbridge-on-Wye
4,"Newbridge, Mon."
4,New Radnor
4,"New Quay, Cardigan"
4,Neston
4,Narbeth
4,Mynyddislwyn
4,Minsterley
4,"Milford, Pem."
4,"Mile End, London"
4,Mexborough
4,Marloes
4,Maldon
4,Maesycymmer
4,Maesycwmmer
4,Maenclochog
4,Longsight
4,Llyswen
4,Llwynhendy
4,Llechryd
4,Llanwono
4,Llanwnnog
4,Llanwnda
4,Llanvihangel
4,Llanharan
4,Llangybi
4,Llangurig
4,Llanguick
4,Llangranog
4,Llangerniew
4,Llangeler
4,Llangeitho
4,Llangammarch
4,Llanfrynach
4,Llanfrothen
4,Llanfechell
4,Llanfechain
4,"Llanfair, Anglesey"
4,Llanfaethlu
4,Llanfabon
4,Llandyrnog
4,Llandore
4,Llandenny
4,Llandefeilog
4,Llanddulas
4,Llancarfan
4,Llanblethian
4,Llanarthney
4,Llanarmon
4,Limerick
4,Leyland
4,Lancs.
4,Lamphey
4,Kirkham
4,Kingston
4,"King's Cross, London"
4,Kidsgrove
4,Ketley
4,"Kerry, Mont."
4,Keighley
4,Kearsley
4,Johnstown
4,Hungerford
4,Hubberstone
4,Hove
4,Hoole
4,Holsworthy
4,Hockley
4,Hitchin
4,Higher Openshaw
4,Higher Ince
4,Higher Broughton
4,Heaton Norris
4,Hazel Grove
4,Haydock
4,Hartlepool
4,Hanwood
4,Hafodrynys
4,Hadley
4,Gwyddelwern
4,Greenock
4,Great Crosby
4,Gravesend
4,Gillingham
4,Gateshead
4,Garn Dolbenmaen
4,Gainsborough
4,Forest Gate
4,Finsbury
4,Felinfach
4,Faversham
4,Farnham
4,"Ely, Glam."
4,Eglwysbach
4,East Ham
4,Doncaster
4,Dingestow
4,Devizes
4,Darowen
4,Dafen
4,Cwm-y-Glo
4,Cumberland
4,Crosskeys
4,Croesyceiliog
4,Crewkerne
4,"Craven Arms, Salop"
4,Coseley
4,Cleobury Mortimer
4,Cilgerran
4,Chwilog
4,Chorlton-on-Medlock
4,Cemaes Bay
4,Castleton
4,Capel Garmon
4,Caernarvon
4,Bucknell
4,Brynhyfryd
4,Brighouse
4,Brierley Hill
4,Brierfield
4,Bournemouth
4,Blackmill
4,Belper
4,Baschurch
4,Barry Port
4,Baneswell
4,Bandon
4,Banbury
4,Aston-on-Clun
4,Ashton-in-Makerfield
4,Ashton
4,Afonwen
4,Adamsdown
4,Acrefair
4,Abermule
3,Ystrad Rhondda
3,Ynishir
3,Wybunbury
3,Worthen
3,Woodville
3,Woodley
3,Woodbridge
3,Woking
3,Witton
3,Withnell
3,Willenhall
3,Whixall
3,Whitwood Mere
3,Whitwell
3,Whittington
3,Whiston
3,Weymouth
3,Weston Rhyn
3,Westleigh
3,West Norwood
3,West Lavington
3,West Houghton
3,"Wellington, Salop"
3,Waunarlwydd
3,Waterloo
3,Waterford
3,Wallsend
3,Wales
3,Upton-on-Severn
3,Upper Cwmbran
3,Ty-Croes
3,Twynyrodyn
3,Tunbridge Wells
3,Trostrey
3,Trevine
3,Trethomas
3,Tremeirchion
3,Trehaford
3,Treffgarne
3,Trawden
3,Toxteth
3,Tooting
3,Tonmawr
3,Toddington
3,Tipperary
3,Tintwistle
3,Tintern
3,Tidenham
3,Thornton Heath
3,Thornaby-on-Tees
3,Tetbury
3,Teddington
3,Tattenhall
3,Tanybwlch
3,Taffswell
3,"Sydney, Australia"
3,Swansea.
3,Stourport
3,Stockwell
3,Stanton
3,Stanleytown
3,St.Woollos
3,"St.Helens, Lancs."
3,St.Helens
3,St.Asaph
3,"St. Willis, Newport"
3,St. Leonards-on-Sea
3,St. Fagan's
3,St. David's
3,St. Bride's Major
3,St. Bride's
3,St. Athan
3,St. Arvans
3,Southwick
3,Southall
3,South Norwood
3,South Moor
3,"Solva, Pem."
3,Snodland
3,Sidmouth
3,Seedley
3,Seaford
3,Scotland
3,Roscommon
3,Rockfield
3,Rhydymwyn
3,Rhydfelin
3,Rhosybol
3,Rhostryfan
3,Rhosnessney
3,Rhosllanerchgrugog
3,Rhiw
3,Rhigos
3,Reddish
3,Rawtenstall
3,Rassan
3,Ramsey
3,Radstock
3,Pudsey
3,Prestbury
3,Portishead
3,Port Tennant
3,Pontymoyle
3,Pontycymer
3,Pontybodkin
3,Pontyates
3,Ponthenry
3,Ponterwyd
3,Pillgwenlly
3,Penzance
3,Pentwynmawr
3,Pensarn
3,Penrhynside
3,Penrhos
3,Penley
3,Penderry
3,Penalt
3,Pandy
3,Oystermouth
3,Orrell
3,Onibury
3,Old Ford
3,Northwood
3,Northop Hall
3,Newton Abbot
3,Newport. Mon.
3,Newington
3,"Newcastle, Staffs."
3,New Broughton
3,"Nelson, Glam."
3,Nantybwch
3,Nantlle
3,Mynytho
3,Mossley
3,Morfa
3,Moreton
3,Milton
3,Merythr
3,Merioneth
3,Meliden
3,Matthewstown
3,Marston
3,Marple
3,Marchwiel
3,Manordilo
3,Maindy
3,Maentwrog
3,Lye
3,Lowestoft
3,Lower Sydenham
3,Lower Broughton
3,Lostock
3,Llwyngwril
3,Llithfaen
3,Lledrod
3,Llanynys
3,Llanyblodwell
3,Llanwern
3,Llanwenog
3,Llantysilio
3,Llantillio
3,Llansaintffraid
3,Llanrhyddlad
3,Llanrhos
3,Llanigon
3,Llaniestyn
3,Llangynwyd
3,Llanguike
3,Llangristiolus
3,Llangrannog
3,Llangoed
3,Llangernyw
3,Llangenny
3,Llanferres
3,Llanfechan
3,Llanfaircaereinion
3,Llandyssil
3,Llandrindod
3,Llandow
3,Llandegar
3,Llandecwyn
3,Llanddaniel
3,Llanboidy
3,Llanaelhaiarn
3,Littlehampton
3,Lincoln
3,Leith
3,Latchford
3,Langley
3,Langharne
3,Langford
3,Ladywood
3,LLandudno
3,Knowbury
3,Kinsale
3,Kingswood
3,Kingsley
3,King's Norton
3,Kettering
3,Jarrow
3,Isleworth
3,Ilford
3,Hoylake
3,Hounslow
3,Hooley Hill
3,Hollingsworth
3,Hirnant
3,Henley-on-Thames
3,Hemel Hempstead
3,"Hay, Hereford"
3,Haslington
3,Harwarden
3,Harlesden
3,Harborne
3,"Hanley, Staffs."
3,"Hanley, Staffs"
3,Halesowen
3,Haggerston
3,Hackney Wick
3,Gwytherin
3,Gwernymynydd
3,Gwaun-cae-Gurwen
3,Guernsey
3,Gt. Harwood
3,Grosmont
3,Great Yarmouth
3,Great Malvern
3,Grantham
3,Goytre
3,Govilon
3,Goole
3,Golden Grove
3,Glasbury
3,Gilfachgoch
3,Garth
3,Garstang
3,Formby
3,"Fishponds, Bristol"
3,Fishponds
3,Finsbury Park
3,Finchley
3,Fforestfach
3,Exmouth
3,Ewloe
3,Esclusham
3,Erith
3,Enfield
3,Ely
3,Edeyrn
3,Ealing
3,Dwygyfylchi
3,Dunkinfield
3,"Dublin, Ireland"
3,Droylsden
3,Dolwyddelen
3,Devil's Bridge
3,"Deri, Glam."
3,Daventry
3,Cwmdare
3,"Cwm, Mon."
3,Crumpsall
3,Crindau
3,Cribyn
3,Crawshawbooth
3,Craven Arms
3,Conwyl
3,Colbren
3,Coedpenmaen
3,Coedffranc
3,Coed Poeth
3,Clwtybont
3,Clifford
3,Cleckheaton
3,Cirencester
3,Cilfrew
3,Church Stretton
3,"Christchurch, N.Z."
3,"Christchurch, Mon."
3,Chipping Norton
3,Chippenham
3,Cheshire
3,Chesham
3,Cheetham
3,Chard
3,Cefnmawr
3,Cefn-Mawr
3,Cefn-Coed
3,Castle Caereinion
3,Carshalton
3,Carnavon
3,Capel Curig
3,"Canton, Glam."
3,"Canton, Cardiff."
3,Camrose
3,Camden Town
3,Bynea
3,Buttington
3,Burntwood
3,Builth Road
3,Buckhurst Hill
3,Brynteg
3,Bretton
3,Brentwood
3,Brampton
3,Braintree
3,Boxmoor
3,Boston
3,"Borough, S.E."
3,Bordesley
3,Bloomsbury
3,Blandford
3,Blaenporth
3,Blaenllecha
3,Blaenau-Festiniog
3,"Blaenau, Festiniog"
3,Blaenan Festiniog
3,Blackley
3,Blackheath
3,Blackfriars
3,Bettisfield
3,"Bethel, Carn."
3,Bedworth
3,Baxenden
3,Barry Docks
3,Barrowford
3,Barnsbury
3,Barnet
3,Balham
3,Aylesbury
3,"Auckland, N.Z."
3,"Aston, Birmingham"
3,Anerley
3,Alton
3,Alberbury
3,Aberdulais
3,Aberdaron
3,Aberarth
3,Aber
2,Ystradyfodwy
2,Ystrad-Rhondda
2,"Ystrad, Rhondda"
2,"Ystrad, Glam."
2,Yspytty
2,Ysceifiog
2,Ynystawe
2,Ynysmeudw
2,Yeadon
2,Yarkhill
2,Wyke
2,Wrockwardine Wood
2,Wrockwardine
2,Worsley
2,Worle
2,Woodford
2,"Woodcroft, Mon."
2,Wood Green
2,Wolston
2,Wolfs Castle
2,Wiveliscombe
2,Wisbech
2,Winewall
2,Winchfield
2,Wincham
2,Wimbourne
2,Wilton
2,Wick
2,Whitworth
2,Whittle-le-Woods
2,Whitfield
2,"Whitechurch, Salop"
2,Whitby
2,Westbury-on-Severn
2,West Kirby
2,West Felton
2,West Croydon
2,West Cross
2,Wern
2,Weobley
2,Wem
2,Watts Town
2,Watlington
2,Wargrave
2,Wapping
2,Wantage
2,Walsden
2,Walsall Wood
2,Walkden
2,Waen
2,Velindre
2,Valley
2,Vale
2,Upton Magna
2,Upton
2,Uppingham
2,Upper Norwood
2,Upper Holloway
2,Upper Brighton
2,Unsworth
2,Ulverston
2,Ullingswick
2,Tyrone
2,Tydweiliog
2,Twickenham
2,Turton
2,"Tunstall, Staffs."
2,Truro
2,Troedrhiwfach
2,Trinant
2,Trimdon Colliery
2,Trevethen
2,Treorky
2,Tremadoc
2,Trelleck
2,Trelech
2,Tregynon
2,Treflach
2,Tredgar
2,Treborth
2,"Trealaw, Glam"
2,Trawscoed
2,Tottington
2,Totterdown
2,Toronto
2,Tonpentre
2,Tonna
2,Ton-y-pandy
2,Tillington
2,Three Cocks
2,Thorney
2,Thakeham
2,Tarvin
2,Tarporley
2,Tamworth
2,Tallyllyn
2,Talley
2,Taliesin
2,Tal-y-Cafn
2,Taffs Wells
2,Taff's Well
2,Sunbury
2,Sully
2,Suckley
2,Stretton
2,Stowmarket
2,Stoneclough
2,Stoke Prior
2,Stevenage
2,Staple Hill
2,Stanton Lacey
2,Stansty
2,Stanningley
2,Stanley
2,Stamford
2,Stackpole
2,"St. Woolas, Newport"
2,"St. Thomas, Swansea"
2,St. Thomas
2,St. Neots
2,"St. Mellons, Cardiff"
2,St. Mary's Cardiff
2,"St. John's, Glam."
2,St. Helen's
2,St. George's
2,St. Fagnas
2,"St. Davids, Brecon"
2,St. Davids
2,"St. Clear's, Carm."
2,St. Austell
2,St. Athans
2,St Asaph
2,Southminster
2,Southam
2,South Hackney
2,Somers Town
2,Soho
2,Smallthorne
2,Small Heath
2,Slough
2,Sligo
2,Skerton
2,Skegby
2,"Six Bells, Mon."
2,Silverdale
2,Shuttleworth
2,Shorncliffe
2,Shobdon
2,Shirenewton
2,Shirehampton
2,Shipston-on-Stour
2,Shipley
2,Shewsbury
2,Shelton
2,Sheerness
2,Shawbury
2,Sedgley
2,Sedgeley
2,"Seaforth, Liverpool"
2,Scarisbrick
2,Sawbridgeworth
2,Sandyford
2,Salwick
2,Salop
2,S
2,Ryhope
2,Ruardean
2,Royston
2,Ross-on-Wye
2,Roggiett
2,Rogerstown
2,"Rogerstone, Mon."
2,Rodbourne
2,Rochford
2,Roby Mill
2,Robeston
2,Rhydymain
2,Rhydyfelyn
2,Rhydyfelin
2,Rhydlewis
2,Rhoscolyn
2,Rhoose
2,Rhodes
2,Reynoldstone
2,Retford
2,Reigate
2,Redbrook
2,"Ratcliffe, London"
2,Ratcliffe
2,Radford
2,Pwllglas
2,Pwll
2,Pulford
2,Prestwich
2,Preston Brook
2,Prescott
2,Prenton
2,Poynton
2,Poulton-le-Fylde
2,Portskewett
2,Pontywaith
2,Pontrilas
2,Pontrhydfendigaid
2,Pontnewynyd
2,Pontlliw
2,Pleasley
2,Pistyll
2,Picton
2,Peterston
2,Peterchurch
2,Penymynydd
2,Penycraig
2,Pentredwr
2,Pentre Ystrad
2,Pentre Broughton
2,Pentir
2,Penrith
2,Penrhyndraeth
2,Penrhyn Bay
2,Penrhoslligwy
2,"Pennsylvania, U.S.A."
2,Pennant
2,Penkridge
2,Penisarwaen
2,Pengraig
2,Penderyn
2,Pendarren
2,Pembury
2,Parr
2,Pantyffynnon
2,Pantperthog
2,"Pant, Llanymynech"
2,Paisley
2,Paignton
2,Overton-on-Dee
2,Osbaldeston
2,Orcop
2,"Ontario, Canada"
2,Ongar
2,Old Trafford
2,Old Swinford
2,Okehampton
2,Oakham
2,Oakamoor
2,Nuneaton
2,Norton Bridge
2,Norton
2,Northhampton
2,Northfleet
2,North Shields
2,North Petherton
2,North Kensington
2,North Curry
2,Normanton
2,Norden
2,Nolton
2,"Newtown, Mont"
2,Newton-in-Makerfield
2,Newton Abbott
2,Newmarket
2,Newhey
2,Newcastle-under-Lyme
2,Newcastle-Emlyn
2,"Newcastle, Staffs"
2,"Newcastle, Emlyn"
2,Newcastle Higher
2,New York
2,New Mills
2,New Malden
2,New Kent Rd. London
2,Nevern
2,Netherton
2,Neath Higher
2,Nantyfyllon
2,Nantgwynant
2,Nantgarw
2,Nannerch
2,Nailsworth
2,Nailsea
2,Mydrim
2,Much Wenlock
2,Much Marcle
2,Moxley
2,Motherwell
2,Moston
2,Mortlake
2,Morristown
2,Mordiford
2,Mooncoin
2,"Montreal, Canada"
2,Montford Bridge
2,Mitcheldean
2,Minehead
2,Milnrow
2,Midsomer Norton
2,"Middleton, Lancs"
2,Middlesborough
2,Merton
2,Merthyrcynog
2,Merthyr Cynog
2,Melyn
2,Melton Mowbray
2,Melksham
2,Meline
2,Marton
2,Martock
2,Martley
2,Marshfield
2,Marsden
2,Marlborough
2,"Manaia, Taranaki"
2,Malta
2,Maesyfelin
2,Maes-y-cwmmer
2,Maenan
2,Madras
2,Madley
2,Madeley
2,Lyonshall
2,"Lymn, Cheshire"
2,Lydbury North
2,Lydbury
2,Ludchurch
2,Lower Peover
2,Lower Gornal
2,Lower Edmonton
2,Lower Darwen
2,Lower Cwmtwrch
2,Lower Bullingham
2,Loughborough
2,Loppington
2,Longtown
2,Long Eaton
2,Llynclys Hill
2,Llanystumdwy
2,Llanwrst
2,Llanwrog
2,"Llanwonno, Glam."
2,Llanwnog
2,Llanwenarth
2,Llanvapley
2,Llantilio
2,Llanthewy
2,Llansawel
2,Llansannan
2,Llanrhystud
2,Llanrhian
2,Llanmorlais
2,Llanmerewig
2,Llanllawddog
2,Llanilar
2,Llanharran
2,Llangwyryfon
2,Llangwyllog
2,Llangwstenin
2,Llangunnor
2,Llangunnock
2,Llangrove
2,Llangoedmore
2,Llanglydwen
2,Llangeinwen
2,Llanfoist
2,Llanfihangel-ar-arth
2,Llanfairynghornwy
2,Llanfairpwllgwyngyll
2,Llanfaircaerinion
2,Llanfair-Caereinion
2,Llanfaglan
2,Llanfaelog
2,Llanfachreth
2,Llanengan
2,Llanelli
2,Llanelidan
2,Llanelian
2,Llaneilian
2,Llanedeyrn
2,Llandyfodwg
2,Llandybie
2,Llandough
2,Llandissilio
2,Llandingat
2,Llandilo-Talybont
2,Llandilo Talybont
2,Llandetty
2,"Llandegfan, Anglesey"
2,"Llandegai, Carn."
2,Llanddewi Velfrey
2,Llanddewi Brefi
2,Llanddeusant
2,Llanbedrog
2,Llanbedrgoch
2,Llanbadarn-Fawr
2,Llanaber
2,Littleborough
2,Lindfield
2,Lincon
2,Lichfield
2,Lewes
2,Letterson
2,Leighton
2,Lees
2,Leebotwood
2,Leamington Spa
2,Lavernock
2,Launceston
2,Langport
2,Lanelly
2,Landport
2,Lampter
2,LLanllechid
2,LLanelly
2,Knowstone
2,Knowle
2,Kippax
2,Kinmel Park
2,"Kingswood, Bristol"
2,Kingstown
2,"Kingston, Hereford"
2,Killay
2,Kilbirnie
2,Kerridge
2,Kensal Green
2,Kennington Cross
2,Kenilworth
2,Kempston
2,Kempley
2,Jersey
2,Jarrow-on-Tyne
2,Irlam
2,Ilminster
2,Huxley
2,Hunslet
2,Hundleton
2,Howey
2,Horwich
2,Horfield
2,Hordle
2,Hopton
2,Honiton
2,"Holt, Denbigh"
2,Holmer
2,"Holly Bush, Mon."
2,Hollingworth
2,Highbury
2,Highbridge
2,Hetton-le-Hole
2,Hersham
2,Herne Hill
2,Hentland
2,Helmshore
2,Heigham
2,"Hebron, Carm."
2,Heath Town
2,Heath Charnock
2,Hazelgrove
2,Haverhill
2,Hartshill
2,Harrow
2,Harrogate
2,Harrington
2,Harringay
2,Harlow
2,Hanworth
2,Hanwell
2,Hanmer
2,Hallow
2,Halling
2,Hakin
2,Haigh
2,"Hafod, Swansea"
2,Gyffin
2,Gwinear
2,Gwaen-Cae-Gurwen
2,Gunnislake
2,Gt. Yarmouth
2,Gt. Malvern
2,Gronant
2,"Greenhill, Swansea"
2,Great Harwood
2,Great Bridge
2,Grays
2,Grange Town
2,Govan
2,Gosport
2,"Goodwick, Pem."
2,Golden Hill
2,Godregraig
2,Glyntaff
2,Glyndyfrdwy
2,Glynceiriog
2,Glyn-Neath
2,"Glyn, Neath"
2,Glanconway
2,Gilfach Coch
2,Getli
2,Gellygaer
2,"Gelli, Rhondda"
2,Gateshead-on-Tyne
2,"Garway Hill, Hereford"
2,Garthbeibio
2,Garston
2,Gardiffaith
2,Gabalfa
2,Frendale
2,Fownhope
2,Four Crosses
2,Forest Hill
2,Forden
2,Folkestone
2,Flintshire
2,"Fleur-de-Lis, Mon."
2,Ffynnon Groew
2,Ffestiniog
2,"Festiniog, Merioneth"
2,Ferry
2,"Fenton, Staffs."
2,Feniscowles
2,Farndon
2,Fareham
2,Farcet
2,Eynsham
2,Evesham
2,Essington
2,Essex
2,Esher
2,Erwood
2,Epsom
2,Emberton
2,"Ely, Cardiff"
2,Eltham
2,Ellistown
2,Egham
2,Edgeworth
2,Edgbaston
2,Eccleshall
2,Eccles
2,Eaton
2,"Eastville, Bristol"
2,Eastleigh
2,East Finchley
2,Earlstown
2,Earlsfield
2,Dwyran
2,Dunston
2,Dunster
2,Dungarven
2,Dumfries
2,Dulais Higher
2,Duffryn
2,Drypool
2,"Douglas, Isle of Man"
2,Dorstone
2,Dorrington
2,Dorchester
2,Dolbenmaen
2,Dolanog
2,Dolan
2,Diss
2,Dinorwic
2,Dinnington
2,Derwen
2,Denio
2,Denbeigh
2,Dartmouth
2,Dartford
2,"Cwmyglo, Carn."
2,Cwmrheidol
2,Cwmgwrach
2,Cwmfellinfach
2,Cwmdeuddwr
2,Cwmcarvan
2,Cwmburla
2,Crossmaglen
2,"Cross Keys, Mon."
2,"Cross Houses, Salop"
2,Crook
2,Crindan
2,Crick
2,Cresselly
2,Cressage
2,Credenhill
2,Cray
2,Coxhoe
2,Cotton Tree
2,Cosheston
2,"Cork, Ireland"
2,Condover
2,Collyhurst
2,Collingbourne
2,"Coleford, Glos."
2,Cobridge
2,Cobham
2,Clydach-on-Tawe
2,"Clydach, Glam."
2,Cloughfold
2,"Clifton, Beds."
2,"Clayton-le-Moors, Lancs."
2,"Clarbeston Rd., Pembroke"
2,Cilcen
2,Church Gresley
2,Church Aston
2,Church
2,Chobham
2,Chichester
2,Chertsey
2,Cheetham Hill
2,Cheddar
2,Chasetown
2,Charlton
2,Charing Cross
2,Chadwell Heath
2,Cerrig-y-Drudon
2,Cerrig-y-Drudion
2,Cerney
2,Cefn-coed
2,Caton
2,Catford
2,Carnforth
2,Carmel
2,Carlise
2,"Cape Town, S.A."
2,Canon Pyon
2,Cannock
2,Camborne
2,"Caio, Carm."
2,Cadishead
2,Byker
2,Bury St. Edmunds
2,Bury Port
2,Burton-On-Trent
2,Burslen
2,Burscough
2,Burgess Hill
2,Brynsadler
2,Brynrefail
2,Brynmill
2,Brynford
2,Bryncrug
2,Brynarfor
2,Brynaman
2,Bryn
2,Bronant
2,Bromyard
2,Bromsberrow
2,Brompton Ralph
2,Brockley
2,Broadstairs
2,Broadbottom
2,Brimingham
2,Brightlingsea
2,Bridport
2,Bridgenorth
2,Breage
2,Bowden
2,Boughton
2,Bosherton
2,Bordsley
2,Boney Hay
2,Bodwrog
2,Bodmin
2,Bodenham
2,Blagdon
2,Blaenyffos
2,Blaenpennal
2,Blaengarn
2,Blaencwm
2,Blaenau Gwent
2,Blackweir
2,Bitterley
2,Bishopstone
2,Bishopston
2,Bishops Castle
2,Birchgrove
2,"Bilston, Staffs."
2,Billericay
2,Biddulph
2,Bexley Heath
2,"Bethesda, Carn."
2,"Bethesda, Carn"
2,Berrynarbor
2,Berkhamsted
2,Bentley
2,"Belfast, Ireland"
2,"Beaufort, Mon."
2,Beacontree Heath
2,Barry Island
2,Barrow
2,Barnton
2,Barbadoes
2,Bantry
2,Bankyfelin
2,Baddesley
2,Axminster
2,Avening
2,Aughton
2,Audley
2,Attleborough
2,Attercliffe
2,Aston-under-Lyne
2,Aspull
2,Ashton-under-Lynne
2,Ashton-on-Ribble
2,Ashton-Under-Lyne
2,Ashington
2,Ashburton
2,Arthog
2,Angle
2,Andover
2,Ambleside
2,Almondsbury
2,All Stretton
2,Alderley Edge
2,Albrighton
2,Adwy
2,Adlington
2,Adamstown
2,Abertyswg
2,"Abersoch, Carn."
2,Aberman
2,Aberhosan
2,Abergwynolwyn
2,Abercych
1,wansea
1,talybridge
1,swansea
1,s  Mountain Ash
1,ontypool
1,ondon
1,ngley  Frampton Cottrell
1,llanwetyd Wells
1,hondda
1,enrhiwceiber
1,arnarvon
1,anchester
1,Zeal
1,Ystradymynach
1,Ystradyfadwy
1,Ystradmeurig
1,Ystradfelltae
1,Ystradbarwig
1,Ystrad Felinfach
1,Ystardmeurig
1,Ystalyfere
1,Ystalyfear
1,Ystalfera
1,Yspytty Ifan
1,Yscerfiog
1,Ysbyty Ystwyth
1,Ysbyth Ystwyth
1,Yr Ynys Valley
1,"Youghal, Co.Cork"
1,Yorkley
1,Yorkbywood
1,Ynysyboeth
1,Ynysmudw
1,Ynysmeudwy
1,Ynyshir.
1,Ynysforgan
1,Ynysdu
1,Ynyscynhaiarm
1,Ynyscynhaern
1,Ynyscynaiarn
1,Ynyscybaiden
1,Ynyscanhairn
1,Ynysbwll
1,Ynseynhaiarn
1,Ynisawdre
1,Yndsddu
1,Yelton
1,Yapton
1,Yalding
1,"Y-Wern, Aberfan"
1,Wythington
1,Wyrley
1,"Wyre, Tenbury"
1,Wynnstay
1,Wymondham
1,"Wyke, Salop"
1,Wyke Regis
1,Wyesham
1,Wyenewydd
1,Wyebridge
1,Wychbold
1,Wrotham
1,Writtle
1,Wrenbury
1,Wray
1,Wragby
1,Wrafton
1,Woverton
1,Wortwell
1,Worton
1,Worthing
1,"Worthen, Salop"
1,Worth
1,Worsboro' Dale
1,Worplesdon
1,Wormelow
1,Wormbridge
1,Worhen
1,Worfield
1,Wordsley
1,Worcestor
1,Worcestershire
1,Worcester Park
1,Wooton Basset
1,Woolton
1,Woollos
1,Woolhope
1,"Woolas, Newport"
1,Woofferton
1,"Woodstock, Mon."
1,Woodrow
1,Woodmansterne
1,"Woodhouse, Leeds."
1,Woodcroft
1,Woodburn
1,Woodbastwick
1,Woodall Spa
1,Wonastow
1,Wombwell
1,Wombridge
1,Wombell nr Barnsley
1,Wolvercote
1,Wolstanton
1,Wolsingham
1,Wollescote
1,"Wolfscastle, Haverfordwest"
1,Wolfs Castle.Pem
1,Wodmes
1,Wixton
1,Withernsea
1,Wiston
1,Wishaw
1,Wisham
1,Wirksworth
1,"Winterbourne, nr. Bristol"
1,Winterbourne
1,Winstone
1,Winslow
1,Winshaw Chard
1,Winscombe
1,"Winnipeg, Canada"
1,Winnington
1,Winmarleigh
1,Winlaton
1,Wingham
1,Wingfield
1,Winforton
1,Windermere
1,Winchmore
1,Winchcombe
1,Winch
1,Wincanton
1,Wimlescome
1,Wimborne
1,Wimbish
1,Wilton Ross
1,Willsbridge
1,Willesdon
1,Willesborough
1,"Willenhall, Staffs."
1,"Willenhall, Staffs"
1,Wigston
1,Wigginhall
1,Widmerpool
1,Widdrington
1,Wickham Bishops
1,Wibsey
1,Whitwick
1,Whittonditch
1,Whitton Hounslow
1,Whittington Moor
1,Whittand
1,Whitston
1,Whitney-on-Wye
1,Whitley
1,Whitle-le-Woods
1,"Whitford, Flint"
1,Whitewoodmere
1,Whitewell
1,"Whiteshill, Glos."
1,Whitegate
1,"Whitechurch, Cardiff"
1,Whitechurch
1,Whitechpel
1,"Whitechapel,E."
1,"Whitechapel, London"
1,Whitechapel
1,White Luckington
1,Whitcombe Bath
1,Whitchursh
1,"Whitchurch,Salop"
1,"Whitchurch,Pem."
1,"Whitchurch, Salop."
1,"Whitchurch, Pem."
1,"Whitchurch, Mon."
1,Whitchurch Cardiff
1,Whitbourne
1,"Wheelton, Lancs."
1,Wheelton
1,Wheelock Heath
1,"Wheatley, Lancaster"
1,Wheatley
1,Whalley Range
1,Whalley
1,Wexford
1,Weston-under-Penyard
1,Weston-Super-Mare
1,Weston-Rhyn
1,"Weston, Cheshire"
1,Weston Point
1,Westmorland
1,Westminister
1,Westhoughton
1,Westhead
1,Western Rhyn
1,Westcott
1,Westcliff-on-Sea
1,Westbury-on-Tryn
1,Westbury-on-Trym
1,Westbourne Park
1,West Rainton
1,West Monkton
1,West Mersea
1,West Malvern
1,West Hanningfield
1,West Hampstead
1,"West Ham, E."
1,West Ealing
1,"West Derby, L'pool"
1,"West Cross, Swansea"
1,"West Cross, Gover"
1,"West Cross, Glam."
1,West Cowes
1,West Cornforth
1,West Bronuvich
1,West Bergholt
1,"West Bank, Widnes"
1,"West Auckland, Durham"
1,Wessington
1,Wernfarm
1,Wepton
1,Wendover
1,"Wem, Salop"
1,Welton
1,"Welshpool, Mont."
1,"Welshpool, Llwynderw"
1,Welshampton
1,Welsh St. Donats
1,Welsh Newton
1,"Wellington, Somerset"
1,"Wellington, Salop."
1,"Wellington, Hereford"
1,"Wellington Rd., Hereford"
1,Weekley
1,Wednesfield
1,Webley
1,Webheath
1,"Wavertree, Liverpool"
1,Waunfawr
1,Waunarlwyd
1,Waunarhwyd
1,Watton
1,Wath
1,Waterville
1,"Waterloo, Surrey"
1,"Waterloo, London"
1,"Waterloo, Lancs."
1,Wateringbury
1,Waterhead
1,"Waterford, Ireland"
1,Watchet
1,Washington
1,Warwickshire
1,Warton
1,Warrignton
1,Warm Turn
1,Warlow
1,Warlington
1,Warfield
1,Warburton
1,Warbeck
1,"Wapping, London"
1,Wantenwells
1,Wanstead
1,Wannafod
1,Wangford
1,Wandsworth Road
1,Wanbury
1,"Walworth, Surrey"
1,"Walworth, London"
1,Walton-on-Thames
1,Walton-on-Naze
1,Walton-le-dale
1,Walton-le-Dale
1,Walton-at-Stone
1,"Walton, Warwick"
1,"Walton, Lancs."
1,"Walton, Brecon"
1,"Walton West, Pem."
1,Walthamstowe
1,"Walthamstow, E."
1,Waltham Abbey
1,Walsoken
1,Wallington
1,Wallasey Village
1,Walker-on-Tyne
1,Walker
1,Wales Z/2826
1,Wales Z/2466
1,Walcott
1,Walcot
1,Wahvorth
1,Waenllwydd
1,Waenllwyd
1,Waenfelin
1,Waenbwlch
1,Waddingham
1,W. Hartlepool
1,W
1,Vroncystyllte
1,Vron
1,Vowchurch
1,Voelas
1,Virginia Water
1,"Vionessa, Denbigh"
1,Viney Hill
1,"Victoria, Waunllwyd"
1,"Victoria, Mon."
1,"Victoria, London"
1,"Vey, Mon."
1,Verwood
1,Vernos Erwood
1,Ventnor
1,"Vaynor, Cefn-Coed"
1,Vaynor
1,Varteg
1,"Vancouver, B.C."
1,Vancouver
1,"Valley, Anglesey"
1,"Valley, Anglesea"
1,"Valetta, Malta"
1,Uzmaston
1,"Usk, Mon."
1,Upton Snodsbury
1,Upton Park
1,Upton Noble
1,Upper Wortley
1,Upper Weedon
1,Upper Upton
1,Upper Stratton
1,Upper Redbrook
1,Upper Penlan
1,Upper Nash
1,Upper Lydbrook
1,Upper Llanfrechfa
1,Upper Llandwrog
1,"Upper Levels, Abertillery"
1,Upper Gornal
1,Upper Cwmtwrch
1,Upper Corris
1,Upper Clynnog
1,"Upper Clapton, N.E."
1,Upper Clapton
1,"Upper Chapel, Brecon"
1,Upper Chapel
1,"Upper Boat, Glam."
1,Upper Boat
1,Upper Bangor
1,Uplyme
1,Upholland
1,"Union Mills, Douglas"
1,"Union Hill, Co.Cork."
1,Ulverstone
1,Ugborough
1,Ubley
1,Tywyn
1,Tytherington
1,Tyrodwyn
1,Tyorstown
1,Tynygroes
1,Tynygongl
1,Tynpwll
1,Tyngwndwn
1,"Tynewydd, N.Wales"
1,Tynemouth
1,Tyncwm
1,Tynant
1,Tymair
1,Tylors Town
1,Tyhyfryd
1,Tydraw
1,Tydn
1,"Tycoch , Cwmbran"
1,Ty.Sub.Lt
1,"Ty'r, Nant"
1,Ty Cross
1,"Twynrodyn, Merthyr"
1,Twynlodyn
1,Twyning
1,Twinyrodyn
1,Twerton
1,Twedshaw
1,Tutshill
1,"Turvey , Bedford"
1,Turphill
1,Tunstal
1,Tunbridge
1,Tulse Hill
1,"Tudor Village, Durham"
1,"Tuam, Ireland"
1,Tuam
1,Trynant
1,Tryddwn
1,Trumpington
1,Troedyrhiwfuch
1,Troedwynn
1,Troedrhiwgwair
1,Troedrhiw
1,Troedrhiew
1,Troed-y-Rhiw
1,Tring
1,Trimsarren
1,Trimsarn
1,Trimsaren
1,Trimsaran
1,Trimdon Grange
1,Trileck
1,Trevthin
1,Trevithen
1,Trevigin
1,Trevichy
1,Trevethyn
1,Trevaughan
1,Treuddyn
1,Tretower
1,Trethin
1,Trelys
1,Trellech
1,Treherbet
1,Treharis
1,Trehallon
1,"Trehafod, Glam."
1,Tregynnon
1,Tregoney
1,Tregele
1,Tregeiriog
1,Tregarron
1,Tregare
1,"Trefriew, Denbigh"
1,Treflys
1,Trefiw
1,Trefilan
1,Trefgarn
1,Trefeglwy
1,Trefeglinys
1,Trefechan
1,Trefdraeth
1,"Trecastle, Brecon"
1,"Treborth, Carn."
1,Treboeth
1,Trebbeth
1,Trebarris
1,Trearddwr
1,Tranmere
1,Tramore
1,Trallwng
1,"Tralee, Ireland"
1,Tralee
1,Trafford Park
1,Trafford
1,"Towyn, Merioneth"
1,"Towyn, Merioethshire"
1,Townhope
1,"Town Dock, Newport"
1,Towerton
1,Towerfri
1,Towcester
1,"Tovil, Maidstone"
1,Totteridge
1,"Totterdown, Bristol"
1,Tottenham. London
1,"Tottenham, Middx."
1,"Tottenham, London"
1,"Totley,York"
1,Totley
1,Torrisholme
1,Torrington
1,Topsham
1,Top Trebnog
1,Tonnet
1,Ton-y-refail
1,Ton-Y-Pandy
1,Ton-Pentre
1,Tollcross
1,Toft
1,Todwick
1,Tockington
1,Tiverton-on-Avon
1,Tiverdale
1,Tisbury
1,Tirydail
1,Tirphill
1,Tirbach
1,"Tir Phil, Glam"
1,"Tipperary, Ireland"
1,Tintern Abbey
1,Tinsley Bond
1,Tingley
1,Timsbury
1,Timperley
1,Timarn
1,Tilston
1,Tilstock
1,Tilehurst
1,Tidworth
1,Tidbury
1,Tidal Basin
1,"Tick Hill, Rotherham"
1,Ticehurst
1,Tibshelf
1,Tibberton
1,"Thurp, Glos."
1,Thurmaston
1,"Thurles, Tipperary"
1,Thundersley
1,Thrope
1,Thrapston
1,"Thornton, Pem."
1,Thornton
1,Thornley
1,Thornhill
1,Thornhaugh
1,Thomastown
1,Thomas-town
1,Thomas Town
1,Thomas Roberts Dolgelly
1,Thirsk
1,Theapwood
1,The Mumbles
1,The Hythe
1,Thaxted
1,Thatto Heath
1,Thanet
1,Tentwhistle
1,Temprance Town
1,"Templeton, Pem."
1,Templecombe
1,Temple Normanton
1,Temple Ewell
1,Temple
1,Temby
1,Tedstone Wafer
1,Tedenham
1,Taywain
1,Taylor's Lake
1,Tavarnaubach
1,Tarrington Common
1,Tarlton
1,Tarleton
1,Tanygrisiau
1,Tanyfonwent
1,Tanybwith
1,Tany Bwlch
1,Tansley
1,Tanlan
1,Tan-y-Llyn
1,Talysarnau
1,"Talysarn, Denbigh"
1,Talyllyn
1,Talycefn
1,Taly-y-Llyn
1,"Talsarnau, Merioneth."
1,"Talsarnau, Merioneth"
1,Talsarnan
1,Talog
1,Tallywain
1,Tallylyn
1,Tally Harris
1,"Taliesis, Cardigan"
1,Talgarreg
1,Talgareg
1,Talbot
1,Talacre
1,Tal-y-Llyn
1,Tainton
1,Tailhach
1,Tagoat
1,Taglunon
1,"Taffs Well, Cardiff"
1,Tadley
1,Tadcastle
1,Tadcaster
1,T
1,"Sydney, N.S.W."
1,Sydney Bridge
1,Sydling
1,Swynnerton
1,Swindiggins
1,Swimbridge
1,Swanwick
1,Swanscombe
1,Swanesa Valley
1,Swanea
1,Swanage
1,Swaffham Prior
1,Swaffham
1,Swadlincote
1,Sutton. nr.Hereford
1,Sutton-Coldfield
1,"Sutton, St. Helens"
1,Sutton Coldfield
1,Suton Wyndham
1,Sussex
1,Sunny Bank
1,Summerseat
1,Summerhill
1,Sugwas Pool
1,Suffolk
1,Sudbury
1,Styton
1,Sturry
1,Sturminster
1,"Stroud, Glos."
1,Strood
1,Stretton Audley
1,Street
1,Stravin
1,Stratton
1,"Stratford, N.Z."
1,"Stratford, Essex"
1,"Stratford Market, London"
1,Strand
1,Stowford
1,Stourton-on-Wye
1,Stourton
1,Stour Provost
1,Stoud
1,Storton
1,"Stornoway, Scotland"
1,Stopsley
1,Stony Stratford
1,Stoneyholme
1,Stoney Stratford
1,Stoneley
1,Stoneaston
1,"Stone, Staffs."
1,Stone
1,Stoke-under-Ham
1,"Stoke, Warwicks."
1,"Stoke, Staffs."
1,"Stoke, Mont"
1,"Stoke, Guildford"
1,Stoke Yesen
1,Stoke Golding
1,Stoke Edith
1,Stoke Damaril
1,Stogumber
1,Stockton Heath
1,Stockstead
1,Stocklanch
1,Stockingford
1,Stockholm
1,Stockbridge
1,Stock Green
1,Stixwould
1,Stirling
1,Steyton
1,"Stevenston, Scotland"
1,Stepney Green
1,"Stepaside, Pem."
1,Steinhousemuir
1,Steeton Moor
1,Steeple Langford
1,Steeple Gidding
1,Steeple Ashton
1,Staylittle
1,Staunton-on-Wye
1,Staunton-on-Arrow
1,Staunton Harold
1,Stapley
1,"Staple Hill, nr. Bristol"
1,Stanton-on-Wye
1,Stanton-on-Arrow
1,"Stanley Crook, Durham"
1,Stanford-le-Hope
1,Stanford-in-the-Vale
1,Standon
1,Standish
1,Stanbatch
1,Stamway
1,Stairfoot
1,Stainton
1,Staines
1,Stainborough
1,Stagget
1,Staffordshire
1,"Stackpole, Pembroke"
1,Stackpole Quay
1,"St.Weonards, Hereford"
1,"St.Peter's, Carm."
1,"St.Paul's, Bristol"
1,St.Paul's Warwicks
1,St.Parton
1,St.Pancras
1,St.Michael's
1,St.Mellons
1,"St.Mary, Pem."
1,"St.Mary's, Glam."
1,St.Mary's Glam
1,"St.Machar,Scotland"
1,"St.Luke's, Mddlsx."
1,St.Just
1,"St.Johns, Derby"
1,St.Johns
1,"St.John's, Glam."
1,St.Issells
1,"St.Issell's, Pem"
1,St.Hormond
1,St.Helen's
1,"St.Harmon, Radnor"
1,"St.George's, E."
1,St.George's
1,"St.Gabriel's, Glam"
1,"St.Edmunds, Northants."
1,St.Dogmaels
1,St.Dennis
1,St.Davids
1,St.David's
1,St.Clifton
1,"St.Clear's, Carm."
1,"St.Char, Pem."
1,St.Briavels
1,"St.Austell, Cornwall"
1,St.Austell
1,"St.Asaph, Flints"
1,"St.Andrews, Hants."
1,"St.Agnes, Devon"
1,"St. Woolos, Newport"
1,St. Woollos.
1,"St. Woollos, Newport"
1,St. Woolas
1,St. Werburgh
1,"St. Vincent, W. Indies"
1,St. Twynnell
1,"St. Thomas', Mon."
1,St. Switlun's
1,"St. Stephens, Cornwall"
1,"St. Stephen's, Cornwall"
1,"St. Philips, Bristol"
1,"St. Peters, Carm."
1,St. Peter's. Carm.
1,"St. Peter's, Carm."
1,"St. Peter's, Carm"
1,"St. Peter's Port, Guernsey"
1,St. Peter's Port
1,St. Peter's Carmarthen
1,St. Peter's
1,"St. Pauls, Carm."
1,"St. Nicholas, Glams."
1,"St. Michael's, Pembroke"
1,St. Michael's Pembroke
1,St. Melons
1,"St. Mellons, Glam."
1,St. Mellons
1,St. Mary's. Pemb
1,"St. Mary's, Warwick"
1,"St. Mary's, Pem."
1,"St. Mary's, Pem"
1,"St. Mary's, Glos."
1,"St. Mary's, Galmorgan"
1,"St. Mary's, Carmarthen"
1,"St. Mary's, Cards."
1,"St. Mary's, Cardigan"
1,St. Mary's Hill
1,"St. Mary's Church, Glams."
1,St. Mary's
1,"St. Martins, Jersey"
1,St. Martins
1,"St. Martin's at Oak, Norfolk"
1,"St. Mark's, Mon."
1,St. Lukes
1,"St. Luke's, Middlesex"
1,St. Luke's London
1,St. Leonards-on-sea
1,St. Leonards
1,"St. Katherine's, Hants."
1,"St. John, Swansea"
1,"St. John's, Bolton"
1,St. John's Wood
1,St. John's Manchester
1,St. James
1,St. Ives
1,"St. Issells, Pem"
1,"St. Ishmael's, Pem"
1,St. Ishmael's
1,St. Hilda's
1,St. Hilary
1,St. Hellier
1,St. Helens Lancs.
1,"St. Helena, West Indies"
1,"St. Helen's, Lancs."
1,St. Harmon
1,"St. Halan's, Ipswich"
1,St. Giles-in-the-Field
1,St. Giles
1,St. Germans
1,"St. George's, London E."
1,St. George's Middlesx.
1,"St. Gabriel's, Glam."
1,"St. Florence, Pembroke"
1,St. Fagans
1,St. Etheldred
1,St. Erth
1,St. Elphin
1,St. Dominic
1,"St. Dogmaels, Pem."
1,"St. Davids, Merthyr Tydfil"
1,"St. Davids, Cardiff"
1,"St. David, Pembroke"
1,"St. David's, Pem."
1,St. Cuthbert's
1,St. Chads
1,St. Brides
1,"St. Bride's, Mon."
1,"St. Briavels, Glam."
1,St. Athan. Glam.
1,St. Athan's
1,"St. Asaph, Flint"
1,"St. Arvan's, Mon."
1,"St. Andrews, Mon."
1,St. Andrews
1,St Thomas
1,"St Nichols, Pem."
1,St Mellons
1,"St Mary's, Glam."
1,"St Luke's, London"
1,St James
1,St Heliers
1,"St Helens, Lancs."
1,"St Helens, Lancs"
1,St Helens
1,St David's
1,"St Andrews, Glam"
1,Squirrels Heath
1,Sproatley
1,"Springhill, Birm."
1,Springhead
1,Springbourne
1,Spreyton
1,Spottlands
1,Spott
1,Spon End
1,Spittlefields
1,"Spittal, Pembroke"
1,Spittal
1,"Spitalfields, Midlsx."
1,Spingbank
1,Spilsby
1,Spaxton
1,Sowerby Bridge
1,Sowerby
1,Sowdley
1,Southhall
1,"Southfields, S.W."
1,Southerndown
1,Southend-on-Sea
1,Southend
1,Southbourne
1,"South Zeal, Devon"
1,South Wales
1,South Tottenham
1,South Normanton
1,South Newington
1,South Morton
1,South Lambeth
1,South Kensington
1,South Hetton
1,South Heigham
1,South Ealing
1,South Croydon
1,South Belin Temple
1,South
1,Soulby
1,Soughton. Mold
1,Sontley
1,Somerstown
1,Somerhill
1,Somerford Booth
1,"Soho, London"
1,"Sneyd Park, Bristol"
1,Sneinton
1,Snape
1,Smethcote
1,Smeeth
1,Small Dale
1,Sleetburn Lane
1,Slebach
1,Slater Holborn
1,Slaithwaite
1,"Slad, Glos."
1,Skipton
1,Skibbereen
1,"Sketty, Swansea"
1,Skenfrith
1,Skelmersdale
1,Skeffling
1,Sittingbourne
1,"Singlia, Malta"
1,Singapore
1,Simla
1,Silvervale
1,Silvertown
1,Silsoe
1,Silloth
1,Silkstone
1,Silian
1,Sidley
1,Siddick
1,Shrawardine
1,Shottle
1,Shoreham
1,"Shoreditch, Middx."
1,"Shirnewton, Mon."
1,Shire Newton
1,Shillinglee
1,"Shifnal, Salop"
1,Sheriffhales
1,Shepton Mallett
1,Shelsby
1,"Shelly, Yorks."
1,Sheffiled
1,Shawforth
1,"Shankill, Belfast"
1,Shankhill
1,"Shank Hill, Co. Antrim"
1,Shandrum
1,"Shamokin, U.S.A"
1,Shalton
1,Sewrfa
1,Seven Kings
1,Sennybridge
1,Senghendydd
1,Sengenydd
1,Selston
1,Selly Oak
1,Sellattyn
1,Selby
1,Seedly
1,Sedgeborrow
1,Sedbury
1,Sedbergh
1,Seaham Harbour
1,Seaham Colliery
1,Seacobe
1,Sculcotes
1,Scorrier
1,"Scoonie, Fife"
1,Scholar Green
1,Savernake
1,Saughall
1,Saron
1,Sarnybryncanaid
1,Sarnaw
1,"Sarn, Montgomery"
1,Sankey Bridge
1,"Sandwich, Kent"
1,Sandicroft
1,Sandhurst
1,Sandgate
1,Sandback
1,Sambrook
1,Saltmead
1,Saltley Birmingham
1,"Saltcoats, Ayrshire"
1,Saltash
1,Salop.
1,Sailsbury
1,"Saddlebrow, Hereford"
1,Sabden
1,"S.Elmsall, Yorks."
1,S.Elm
1,S. Woolos
1,"S. Norwood, London"
1,S. Lambeth
1,S. Croydon
1,Ryton-on-Tyne
1,Ryriston
1,Ruthkin
1,Rushdon
1,"Rush, Ireland"
1,Ruddlan
1,Rudbaxton
1,Ruarddeau
1,"Ruabon, Denbigh"
1,Roydon
1,Rowley Regis
1,Rowley
1,Rowledge
1,Rothesay
1,Rotheram
1,Rosskeen
1,"Rossett, Denbighshire"
1,Rosseth
1,"Roseville, Dudley"
1,Rosemarket
1,Rosehill
1,"Rosebush, Pem."
1,"Rosebery Ave., London"
1,Roose Pembroke
1,Ronaldkirk
1,Romiley
1,Romford
1,Rolleston
1,Rollbush
1,Rollaston
1,Roewen
1,Roe Wen
1,Rocky Fold
1,Rockferry
1,Roch
1,Rocester
1,Robertstown
1,Roberton Watham
1,Robert James Stote
1,"Roath, Cardiff"
1,"Roas, Hereford"
1,"Roach, Pem."
1,Rivington
1,Rivendinen
1,Rishton
1,Riscarn
1,"Risca, S.Wales"
1,"Risca, Mon."
1,"Ripple, Tewkesbury"
1,Ripon
1,"Ripley, Derbyshire"
1,Ringwood
1,Rimptom
1,Rickmansworth
1,Rickergate
1,"Rickarston Bdge, Pem."
1,"Richmond, Yorks."
1,"Richmond, Surrey"
1,Richard Arthur Groves
1,Rhyos
1,Rhyndwychy-Dach
1,Rhymny
1,Rhydygolen
1,Rhydycroesau
1,Rhydyclafdy
1,Rhydybriw
1,Rhydwyn
1,Rhydefelan
1,Rhydding
1,Rhydcymerau
1,Rhydbach
1,Rhuthin
1,Rhudwyan
1,Rhostyllyn
1,Rhostie
1,Rhosrobin
1,Rhosoch
1,Rhosnessey
1,"Rhosneigr, Anglesey"
1,Rhoshirwaen
1,Rhosgadfan
1,Rhosfwr
1,Rhosesmor
1,Rhoscrowther
1,Rhos-y-cae
1,Rhos-y-Medre
1,Rhos-y-Bol
1,Rhos-on-sea
1,Rhos Ruabon
1,"Rhodes, Lancs."
1,"Rhiwlas, Carn."
1,Rhiwlas
1,"Rhiwderin, Mon."
1,Rhisgoed
1,Rhesycae
1,Rhayder
1,"Rhayader, Radnor"
1,Rhandirmwyn
1,Rhandda
1,Rhaiadr
1,Reynoldston
1,"Reslover, Glam."
1,Regina Canada
1,Regents Park
1,Redwharf
1,Redruth
1,"Redlands, Bristol"
1,"Redland, Bristol"
1,"Redcliffe, Bristol"
1,Redchiffe
1,"Redbrook, Mon."
1,"Redbrook, Glos."
1,Red Wharf Bay
1,Raynes Park
1,Rawenstall
1,Rawcliffe
1,Ravensthorpe
1,Raunds
1,Rathangar
1,Rassaw
1,"Rassau, Beaufort"
1,"Rangoon, India"
1,"Ramsey, Isle of Man"
1,Ramsey  St.Mary's
1,Ramsagte
1,Rampin
1,Rainow
1,Rainham
1,"Rafford, Morayshire"
1,"Radyr, Glams."
1,Radwinter
1,Radnorshire
1,Radford Semale
1,"Radcliffe, Lancs."
1,R.N.
1,R. N.V.R.
1,R
1,Quy
1,"Quinnell, nr. Tewkesbury"
1,Quetta
1,"Queenstown, Ireland"
1,"Queenstown, Australia"
1,Queenstown
1,Quarry Bank
1,Quarnmove
1,"Quakers Yard Station, Glam."
1,Quakers Yard
1,"Quaker's Yard, Glam."
1,Quaker's Yard
1,Quainton
1,Quadham
1,Q.A.I.M.N.S
1,Pyker
1,"Pye Bridge, Notts."
1,Pwltllanfairlyfr
1,Pwllgwain
1,Pwllcwm
1,"Pwll, Llanelly"
1,"Pwll, Carm."
1,Pwellyn
1,Putley
1,Purton
1,Purley
1,Pumpsaint
1,Pulverbatch
1,Pudaw
1,Pte.
1,Pryce Abercarn
1,Prittlewell
1,Pritchfield
1,Priory
1,Prion Bach
1,Prion
1,"Princetown, Mon"
1,Princes Risborough
1,Princes End
1,Priew
1,Price Town
1,Preston Wynne
1,Presteigne
1,"Prestatyn, Flint"
1,"Prescot , Lancs"
1,Preesgweene
1,Powick
1,Potters Bar
1,Potten
1,Portslade-by-Sea
1,Portslade
1,Portskewet
1,Portsea
1,Portobello
1,Porthywawr
1,"Porth,Glam."
1,"Porth, Glams."
1,"Porth, Glam"
1,Portdinorwic
1,Portcawl
1,Port Tennent
1,Port Talbort
1,Port Robert
1,Port Isaac
1,Port Eynon
1,Port Elizabeth
1,Port Dinorwick
1,"Port Dinorwic, Carn."
1,Porlock
1,Porfalgate
1,Poplar. E.
1,Poolle
1,Poole
1,Poolbrook
1,Pool Quay
1,Ponytypridd
1,Ponytypool
1,Ponypridd
1,Pontyrhyll
1,Pontyrhill
1,Pontyrhafod
1,Pontypoool
1,Pontypirdd
1,Pontynwich
1,Pontynewynydd
1,Pontynewyd
1,Pontymoile
1,"Pontygwaith, Glam."
1,Pontyguaith
1,Pontyffynon
1,Pontyeates
1,Pontydwr
1,Pontyclum
1,Pontychin
1,Pontyberen
1,Pontyberein
1,Pontyberam
1,Ponty-Cymmer
1,Pontrhydyryn
1,Pontrhydygroes
1,Pontrhydyfin
1,Pontrhydyfer
1,"Pontrhydyfen, Glam"
1,Pontrhydfendigad
1,Pontrhydarw
1,Pontraddy
1,Pontpridd
1,"Pontnewydd, Mon."
1,Pontneathvaughan
1,Pontmoyle
1,Pontlotyn
1,Pontllanffraith
1,Ponthydygroes
1,Ponthwaith
1,Ponthirwaun
1,Ponther
1,Pontfaen
1,Pontesbury
1,Ponter Sulter
1,Pontefrect
1,Pontcysyllte
1,Pontcymmer
1,Pontblyddyn
1,Pontardwe
1,Pontar dulais
1,Pont Yates
1,Pont Robert
1,Pont Llynffyn
1,Ponllanfraith
1,Polmont
1,Plumbley
1,Plasmart
1,Plashelig
1,Plas Power
1,"Plas Marl, Glams."
1,"Plas Marl, Glams"
1,Plas Marl
1,Plas Issa
1,"Plaistow, E."
1,"Plaenyffos, S.O. Pem."
1,"Pitville, Glos."
1,Pittsburg
1,Pistyll Nevin
1,Pirbright
1,"Pimlico, London"
1,Pillywell
1,Pillowell
1,"Pill,Mon."
1,"Pill, Newport"
1,Pietermaritzburg
1,Pickmere
1,Picklechurch
1,Phillipstown
1,Phillick
1,"Philadelphia, U.S.A."
1,Peveril
1,Peverel
1,Petertson
1,Peterstowe
1,Peterstone
1,Peterston-super-Ely
1,Peterst-super-Ely
1,Petersfield
1,Peshawar
1,Perth
1,Pernrhos
1,Penywrath
1,"Penywern, Dowlais"
1,Penywern
1,Penywain
1,Penysarn
1,Penyrhoel
1,Penyrheol
1,Penyrhael
1,Penymyndd
1,Penyland
1,Penylan
1,Penygarnedd
1,Penyffordd
1,Penyfford
1,Penycwm
1,Penycoed
1,Penyclawd
1,Penybout
1,Penybontfawr
1,Penybont. Pem
1,"Penybont, Radno"
1,Penybont Fawr
1,Penwynmawr
1,Penworthan
1,Penvallt
1,Pentyfynnon
1,Pentwynmawi
1,Pentwyn Mawr
1,Pentwyn
1,Pentrolen
1,Pentricoch
1,Pentrevolas
1,Pentrevoelas
1,Pentrestyll
1,Pentrepoeth
1,Pentrefelin
1,Pentrechwyth
1,"Pentrechwith, Glam."
1,Pentrechwith
1,Pentrech^wyth
1,"Pentre, Glam."
1,"Pentre, Flints"
1,"Pentre,  Cardigan"
1,"Pentre Ystrad, Glam."
1,Pentre Voelas
1,Pentre Rhondda
1,Pentre Houghton
1,Pentre Halkyn
1,Pentonville
1,Penthynside
1,Penthiwtyn
1,Penter
1,"Penryn, Cornwall"
1,Penrwhiwceiber
1,Penruddock
1,Penrice
1,Penrhyndeuraith
1,Penrhyndeudrath
1,Penrhyn-Mawr
1,Penrhydeudraeth
1,Penrhwceiber
1,Penrhrosiligroy
1,Penrhosgarneddog
1,"Penrhosgarnedd, Carn"
1,Penrhosfeilw
1,Penrhoel
1,Penrhiwtyn
1,Penrhiwgaled
1,"Penrhiwceiber, Glam."
1,Penrhiewtyn
1,Penrhieutyn
1,Penpergwm
1,Penpedairheo
1,Penparke
1,Penpark
1,Pennydarren
1,Penny-come-Quick
1,Pennington
1,Penmynydd
1,Penmynwdd
1,Penmon
1,Penmark
1,Penman Rhos
1,Penmaenmaur
1,Penllech
1,Penlanmabus
1,Peniarth
1,Pengram
1,Pengongl
1,"Penge, S.E."
1,Penelyn
1,Penegoes
1,"Pendre, Flint"
1,Pendre
1,Pendoylan
1,Pendine
1,Pendergast
1,Pencombe
1,Pencoedcae
1,Penclawadd
1,Penceibar
1,Pencarreg
1,Penbrey
1,"Penbohy, Carm."
1,Penbank
1,Penallt
1,Penal
1,Pen-y-rheol
1,Pen-y-groes
1,Pen-y-graig
1,Pen-y-fford
1,"Pen-y-cae, Ruabon"
1,Pen-y-cae
1,Pen-y-bont
1,Pen-y-Sarn
1,Pen-y-Ffordd
1,Pen-y-Craig. Glam.
1,Pen-y-Craig
1,Pen-y-Cae
1,Pen-Y-Gurnos
1,Pen-Y-Graig
1,Pemroke
1,Pemby
1,Pembryn
1,Pembrokeshire
1,Pembroke Dock .
1,"Pembridge, Hereford"
1,Pembrey. Carm.
1,Pelton
1,Pelsall
1,Peitlhyll
1,Peel Green
1,"Peckham, London"
1,Peckam
1,"Peasedown, Bath"
1,Peardown
1,Paynton
1,Pavenham
1,Pavement
1,Parton
1,Partington
1,"Partick, Lanark"
1,Partick
1,Parrypont
1,Parracombe
1,"Parr, St.Helens"
1,Parkstone
1,Parkmill
1,Parkham
1,Park Mill
1,Pantyhendre
1,Pantygrwnyfach
1,Pantygog
1,Pantyglyn
1,Pantygelly
1,Pantycoed
1,Pantrosla
1,Pantlottyn
1,Pantlassau
1,"Panteg, Mon."
1,Pantage
1,Pant
1,Pandy Glyn
1,Palmerston. N.Z.
1,"Paisley, Scotland"
1,Painswick
1,Padstow
1,Padeswood
1,Paddiswood
1,"Paddington, Middx."
1,"Paddington, London"
1,Packmoor
1,Packington
1,P.O. Neath
1,P
1,Oxton
1,Oxten
1,Oxted
1,Owleston
1,Owlerton
1,Overton Bridge
1,Overmonnow
1,Over Peover
1,Over Hulton
1,Over
1,Oughtibridge
1,Ottery St. Mary
1,"Ottawa, Canada"
1,Otley
1,Oswesty
1,Oswaldthwistle
1,Ossett
1,Osmotherley
1,Osbaston
1,Orleton
1,Orford
1,Oppenhalt
1,Ophent
1,"Openshaw, Lancs."
1,Ombersley
1,Olney
1,Olford
1,Oldswinford
1,"Oldland Common, Bristol"
1,Oldcastle
1,"Oldbury, Worcs"
1,Old Radnor
1,Old Moxley
1,"Old Hill, Staffs"
1,Old Hill
1,Old Cleeve
1,"Old Church, Stoke"
1,Old Charlton
1,Old Catton
1,Ogmorevale
1,Ogmore-Vale
1,Ogmore Valley
1,Ogbourne
1,"Odd Rode, Chester"
1,"Odd Down, Bath"
1,Occold
1,Oborne
1,Oakmere
1,Oakley
1,Oakham Gates
1,Oakfield
1,Oakengates
1,Nynyddislwyn
1,Nunney
1,"Nuncar Gate, Notts."
1,Norwood Green
1,Norton. Radnor
1,Norton Canes
1,Northweald
1,Northshornsley
1,Northophall
1,"Northop, Flints."
1,Northmoore
1,Northleigh
1,Northern Etchells
1,Northendon
1,Northenden
1,Northcoats
1,Northam
1,North Woolwich
1,North Stoke
1,North Piddle
1,North Muskham
1,North Mimms
1,North Meols
1,North Heigham
1,North Havant
1,North Haigham
1,North Easington
1,North Crawley
1,North Butts
1,North Brixton
1,North Bradley
1,North Ashton
1,Normecot
1,"Normanton, Derby"
1,Normacot
1,"Norley, Chester"
1,Norfolk
1,"Nordilph, Downham"
1,Norbury
1,Nocton
1,"Nigg, Aberdeen"
1,"Neyland, Pem."
1,"Newtown, Yarkhill"
1,"Newtown, Worcs."
1,"Newtown, Montgomery"
1,"Newtown, Mon."
1,"Newtown, Ledbury"
1,"Newtown, Lancs"
1,"Newtown, Hereford"
1,"Newtown, Cambridge"
1,Newton-Abbot
1,"Newton, Hyde"
1,"Newton, Glam."
1,"Newton, Carn."
1,Newton Mill
1,Newton Angle
1,"Newry, Co. Down"
1,"Newquay, Cardigan"
1,Newquay
1,Newport.
1,"Newport,Mon,"
1,"Newport, mon."
1,"Newport, Salop."
1,"Newport, Salop"
1,"Newport, Pem,"
1,Newport Pem
1,Newmillerdam
1,"Newmarket, Flint"
1,"Newmarket, Dyserth"
1,Newlands
1,Newland
1,"Newington Butts, S.E."
1,Newington Butts
1,"Newhaven, Scotland"
1,Newhaven
1,Newham-on-Severn
1,Newent. Glos.
1,Newent
1,"Newchurch, Hereford"
1,Newcastle-on-tyne
1,Newcastle-Higher
1,"Newcastle, N.S.W."
1,"Newcastle, Mon."
1,"Newcastle, Glam."
1,Newcastle Mon
1,Newcastle Lower
1,"Newbury Port, U.S.A."
1,Newbottle
1,"Newborough, Anglesey"
1,Newark
1,New Zealand
1,"New York, U.S.A."
1,New York City
1,New Wortley
1,New Whittington
1,New Springs
1,New Seaham
1,New Rhos Robin
1,"New Quay, Cardgn."
1,New Quay Cardigan
1,New Moat
1,New Milton
1,"New Mills, Penalt"
1,"New Mills, Mont."
1,New Kent Road
1,New Hey
1,New Eltham
1,"New Cut, London"
1,New Church
1,New Bridge
1,New Botley
1,New Barnet
1,Nevendon
1,Nettleton
1,Nettlestead
1,Nettlebridge
1,"Netherton, Worcs."
1,Nether Stowey
1,Ness-Cliffe
1,"Nelson, Lancs."
1,"Nelson, Lancs"
1,"Nelson, Glam"
1,Nelson nr. Cardiff
1,Neepsend
1,Nearth
1,Nazeing
1,Navestock
1,Natymoel
1,"Nash, Mon."
1,Nash Lighthouse
1,Nash
1,Napton
1,Nanycaws
1,Nantyfflyn
1,Nantyfelin
1,Nantmor
1,Nantgynant
1,Nantglyn
1,Nantgavedig
1,"Nantgarw, Cardiff"
1,Nant-y-glo
1,Nant-y-Fedw
1,Nant Budul
1,"Nannerch, Mold"
1,"Nannerch, Flints."
1,Nanhoron
1,N. Kensington
1,Mytchett
1,Mynywydd
1,Mynythno
1,Mynyddswyn
1,Mynyddislwn
1,Mynyddisllwyn
1,Mynydd Issa
1,Mynllydislym
1,Mydrin
1,Murton
1,Munslow
1,Mundford
1,Mumble
1,Mullengar
1,Muddiford
1,Much Fowley
1,Much Dewchurch
1,Moylegrove
1,Mowcop
1,Mow Cop
1,Mountsorrel
1,Mountian Ash
1,Mountfields
1,Mountain Ash. Glam.
1,"Mountain Ash, Glam."
1,Mountain
1,Mount. Pem.
1,Mount Cardigan
1,Moulton
1,Mould
1,Mottram-in-Longendale
1,Mottram-Londondale
1,Mottram
1,Mosser
1,"Moss, Denbigh"
1,Moss Green
1,Moskeigh
1,Moses Gate
1,"Moseley, Worcs."
1,"Moseley, Lancs."
1,Moseley
1,Morwenstow
1,Morville
1,"Morristown, Glams."
1,"Morriston, Glam"
1,Morley
1,Morirston
1,Morgan
1,Morfa Nevin
1,Moreton-in-Marsh
1,Moreton Corbet
1,Morecambe
1,"Morebattle, Roxborough"
1,Moors
1,Moorhanger
1,Moorhampton
1,Moorgate
1,Moor Green
1,Moona
1,"Mooltan, India"
1,"Montrose, Scotland"
1,Montreal Canada
1,Montreal
1,Montford
1,Monsgomery
1,Monnington
1,Monmouthshire
1,"Monkton, Pembroke"
1,"Monkton, Pem."
1,Monkton Canada
1,Mon.
1,"Mold-green, Huddersfield"
1,"Mold, Flints."
1,Mogelly
1,Moelygarth
1,"Moelfre, Anglesey"
1,Moeldore
1,Mitchel Troy
1,Misterton
1,"Miskin, Glam."
1,Miserden
1,Mirfield
1,Minworth
1,Minton
1,Minster
1,Minffordd
1,"Minera, Wrexham"
1,Milverton
1,"Milton, Oxford"
1,Milnthorpe
1,Milnsbridge
1,Millom
1,Millington
1,"Millbrook, Hants."
1,Millbrook
1,"Mill Street, Co. Cork"
1,Mill Hill
1,Mill Bank
1,Milford Heaven
1,Milford  Haven
1,Mile End. E.
1,"Mile End, E."
1,"Mile End Road, London"
1,Mildmay Park.N.
1,Midhurst
1,Middlewood
1,Middletown
1,"Middleton,Lancs."
1,"Middleton, Lancs."
1,Middlebrook
1,Mickley
1,Mickleton
1,Michaelstown-y-fedw
1,Michaelston
1,Michaels
1,"Michaelchurch, Hereford"
1,Methley
1,"Mertleton, Pem."
1,Merthyr-Tydvil
1,"Merthyr, Glam"
1,Merthyr Town
1,Merthyr Dovan
1,Merthur Tydvil
1,Merthry
1,Merther Vale
1,Merrion
1,Meriden
1,"Meole, Shrewsbury"
1,Meole Brace
1,Melverley
1,Mellor
1,"Melingriffith, Glams"
1,Melincrythan
1,Melin Court
1,Melbourne
1,Medley
1,Mearns
1,"Mayos, Pem."
1,"Mayland, Colwall"
1,Mayfield
1,"Mayfair, Middlesex"
1,Mayfair
1,Maulden
1,"Mathry, Pem."
1,Mathry
1,"Mathern, Chepstow"
1,Masteg
1,Massey Wilmslow
1,Maryport
1,"Marylebone, London"
1,Maryborough
1,Martletwy
1,Marthyr
1,Marthry
1,Marske-by-the-Sea
1,"Marshfield, Mon."
1,Marshchapel
1,Marsdon
1,Marschapel
1,Marlow
1,Marlinscroft
1,Marksbury
1,Markhans Village
1,Market Harborough
1,Maringlas
1,Margate
1,"Mardy, Glam."
1,Marden
1,Marcross
1,March Wiel
1,Mapperley
1,Manyrthyslwyn
1,"Manvillette, France"
1,Mansel Lacey
1,Manordeifi
1,"Manor Park, London"
1,"Manor Park, E."
1,Manningtree
1,Mannington
1,Manning
1,Manllwyd
1,Manfon
1,Mancott
1,Manchaster
1,Mancester
1,Manafon
1,Mamhiliad
1,Mamhilad
1,Malvern Link
1,Malton
1,Maltby
1,Malsycwmmer
1,Mallwyd Dinas Mawddwy
1,"Mallow, Cork"
1,Mallow
1,Malling
1,Makerfield
1,Mainstone
1,Maidenhead
1,Maiden Wells
1,Maid Newton
1,"Magor, Mon."
1,Maesyrhaf
1,Maesygof
1,Maesycrugian
1,"Maesycoed, Glam."
1,Maesycoed
1,Maesteg. Glam.
1,Maestag
1,Maesllyn
1,Maesgwyn
1,Maesbury
1,"Maes-y-dre, Mold"
1,"Maerdy, S.Wales"
1,"Madeley, Salop"
1,Macroom
1,Macley
1,Macklesfield
1,Machnneth
1,"Lyttelton, N.Z."
1,Lyneal
1,Lyncombe
1,Lymn
1,Lymm
1,Lyeseven Norton
1,Lydiate
1,Lydbrook
1,Lunehouse
1,Lumb-in-Rossendale
1,Lugwardine
1,Ludworth
1,Ludwell
1,Ludgvan
1,Ludenham
1,Luckwell Bridge
1,Lowton
1,Lowerhouse
1,Lower Machen
1,Lower Heyford
1,"Lower Genffordd, Talgarth"
1,Low Moor
1,Lovewell
1,"Louan, I. of Man"
1,Lostock-Gralam
1,Lostock Hall
1,Longwood
1,"Longwells, Bristol"
1,"Longridge, Lancs."
1,Longridge
1,Longhope
1,Longforgan
1,Longford
1,Longeaton
1,Long Stratton
1,Long Ditton
1,"London, E."
1,London S.E.
1,Lomyleigh
1,Login.S.O.
1,Login
1,Lodsworth
1,Lochglyne
1,Llywyngwril
1,Llywel
1,"Llyswen, Hay"
1,Llysiorwerth
1,Llysfryn
1,Llynfaes
1,"Llyncelyn, Porth"
1,Llwynypid
1,Llwyntidman
1,Llwynsgo
1,Llwyn-y-pia
1,"Llwyn, Festiniog"
1,"Llwyn, Denbigh"
1,Llwydcoed
1,Llsk
1,Lloyd
1,Lloiney
1,Lllanllechid
1,Llittle Borough
1,Lliswerry
1,Llengyneiw
1,"Llechylched, Llangefni"
1,Llechgynfarwydd
1,Llechfaen
1,Llaymynech
1,Llay
1,Llawryllyn
1,Llawine
1,Llawhaden
1,Llavellin
1,Llasainshen
1,Llanystundwy
1,Llanyre
1,Llanymys
1,Llanymynach
1,Llanymech
1,Llanymawddwy
1,Llanycwlys
1,Llanycrws
1,Llanycil
1,Llanyche
1,Llanybea
1,Llanwynddyn
1,Llanwyddelan
1,Llanwwchllyn
1,Llanwrtyd
1,Llanwrthwl
1,Llanwron
1,Llanwrad
1,Llanworse
1,Llanwoonan
1,Llanwonnow
1,Llanwnen
1,Llanwit
1,Llanwinio
1,Llanwenno
1,Llanwenllwyfo
1,Llanweddyn
1,Llanwddyn
1,Llanwchairn
1,Llanvillo
1,Llanvihangel-Gobian
1,"Llanvihangel, Abergavenny"
1,Llanvetherine
1,Llanvanhell
1,Llanvaire Cross
1,Llanvair
1,Llanvaches
1,Llanuiddyn
1,Llantwit Lower
1,Llantsaintffraid
1,Llanton
1,Llantillo
1,Llanthoney
1,"Llanthewy, Mon."
1,Llanthewy Vach
1,Llantarnain
1,Llanstarwell
1,"Llanstadwell, Pem."
1,Llanstadwell
1,"Llansoy, Mon."
1,Llansillin
1,Llansillan
1,Llansilen
1,"Llansannan, Denbigh"
1,Llansanffraid
1,Llansaint
1,Llansadwn
1,Llanryddi
1,Llanristyn
1,"Llanrhystyd, Cards."
1,Llanrhydd
1,Llanrhychwyn
1,Llanrhaidr
1,"Llanrhaiadr, Oswestry"
1,Llanrhaedr
1,Llanrabon
1,Llanquick
1,Llanpumpsaint
1,Llanor
1,Llanngennech
1,Llannerchymedd
1,Llanmynech
1,Llanmorgan
1,Llanllysan
1,Llanllyfne
1,Llanllwni
1,Llanllwchaiarn
1,Llanllwchaearn
1,Llanllwch
1,"Llanllugan, Mont."
1,Llanllugan
1,"Llanllechid, Carnarvon"
1,"Llanllawddog, Carm."
1,Llanllanfair
1,Llanlilleth
1,"Llanishen, Cardiff"
1,Llanio Road
1,"Llaniltern, Cardiff"
1,"Llanidan, Anglesey"
1,"Llanhilleth, Mon."
1,Llanhennick
1,Llanhedd
1,Llanhadan
1,Llangystennin
1,Llangynydd
1,Llangyniew
1,Llangynhafal
1,"Llangyndeyrn, Carm."
1,Llangyndar
1,"Llangyfelach, Swansea"
1,"Llangybi, Carnarvon"
1,Llangyaid High
1,Llangy
1,Llangwyn
1,Llangwstenyn
1,Llangwril
1,"Llangwnien, Mont."
1,Llangwin
1,Llangwdin
1,Llangunton
1,"Llangunllo, Radnor"
1,Llangunhafal
1,Llangstone
1,"Llangrove, Ross"
1,Llangrose
1,Llangristrolus
1,Llangrisholus
1,Llangrin
1,"Llangred, Anglesey"
1,Llangour
1,Llangosbin
1,Llangorwen
1,Llangorse
1,"Llangolman, Pem"
1,Llangolfan
1,"Llangoed, Brecon"
1,Llangloffan
1,"Llangibby, Mon."
1,Llangevin
1,"Llangennith, Glam."
1,Llangenneth
1,Llangeneck
1,Llangemor
1,Llangelynn
1,Llangelynin
1,Llangellech
1,"Llangeinor, Glam."
1,Llangeicho
1,Llangefysant
1,Llangefini
1,Llangefeni
1,Llangarron
1,Llangarren
1,Llanganor
1,Llangano
1,Llangannock
1,Llangannar
1,Llanganhafal
1,"Llangan, Pem."
1,Llangammerch
1,Llangammarch Wells
1,Llangammach Wells
1,Llangain
1,"Llangadfan, Mont."
1,Llangabon
1,Llanfyrnech
1,Llanfynun
1,"Llanfyllin, Mont."
1,Llanfwroy
1,Llanfrisant
1,Llanfrecha
1,Llanforda
1,Llanfor
1,Llanfois
1,Llanfith
1,Llanfirchfa-upper
1,Llanfihangelararth
1,Llanfihangel.Card
1,Llanfihangel-aber-arth
1,Llanfihangel-Y-Creuddyn
1,"Llanfihangel, Ystrad, Card."
1,"Llanfihangel, Mont."
1,"Llanfihangel, Carn."
1,"Llanfihangel, Cards."
1,Llanfigan
1,Llanfiair-caereinion
1,"Llanfgdalen, Carn."
1,Llanfflewyn
1,Llanfestiniog
1,Llanfathan
1,Llanfarian
1,Llanfanbon
1,Llanfairtalhaiarn
1,Llanfairorllwyn
1,Llanfairnantygof
1,Llanfairisgaer
1,"Llanfairfechan, N.Wales"
1,Llanfairclydogau
1,Llanfaircarn
1,Llanfairbryn
1,Llanfair. P. G.
1,Llanfair-caereinion
1,"Llanfair, Talhaearn"
1,"Llanfair, Mont."
1,"Llanfair, Merioneth"
1,"Llanfair, Mer."
1,"Llanfair, Denbigh"
1,Llanfair Lampeter
1,Llanfair Kilgeddin
1,Llanfair Isgaer
1,Llanfair Grange
1,Llanfair Fechan
1,Llanfair Anglesey
1,Llaneugrad
1,Llanerchllwyd
1,Llanengiad
1,Llanenddwyn
1,Llanelly Hill
1,Llanellen
1,Llanelethian
1,Llanefyl
1,Llanefydd
1,Llanefni
1,Llaneelly
1,"Llanedwen, Anglesey"
1,Llanedwen
1,Llanedarne
1,Llanedarn
1,Llanedan
1,Llanechel
1,Llanea
1,Llandyssilo
1,Llandysilis
1,Llandysil
1,Llandyfriog
1,Llandyfeilog
1,Llandydygwydd
1,"Llandville, Corwen"
1,Llandurog
1,Llandundo
1,Llandulais
1,Llandudwen
1,LlandudnoJunction
1,Llandudno Junc.
1,Llandrilloyn Rhos
1,Llandrillo-yn-Rhos
1,Llandre
1,Llandorston
1,Llandogo
1,Llandoget
1,"Llandinaw, Mont."
1,"Llandinam, Mont."
1,"Llandinam, Mont"
1,Llandilofawr
1,Llandiloes
1,Llandilio Fawr
1,Llandigat
1,Llandgadock
1,Llandeyrn
1,Llandewyn
1,Llandewr
1,Llandewi
1,Llandeusant
1,Llanderoi
1,Llanderland
1,Llanderfel
1,Llandeniolen
1,Llandeloy
1,Llandeilo
1,Llandegwydd
1,Llandegreth
1,"Llandegley, Radnor"
1,Llandegley
1,Llandefieliog
1,Llandeffle
1,Llandebi
1,Llanddyffnan
1,Llanddwei Brefi
1,Llanddwck
1,Llanddowror
1,Llanddoget
1,Llanddewy
1,Llanddewibrefi
1,Llanddewi'r Cwn
1,Llanddewi Rhydderch
1,Llanddew
1,Llandderfel
1,Llanddarog
1,Llandalles
1,Llandalas
1,Llandaff North
1,Llanda
1,Llancynnid
1,Llanclwydd
1,Llanclondy
1,Llancistyn
1,Llancilo
1,Llanchairn
1,Llanburran
1,"Llanbrynmair, Mont."
1,Llanblodwel
1,Llanbleddian
1,Llanbeulan
1,Llanberis Pass
1,Llanbedroch
1,"Llanbedr, Merioneth"
1,Llanbebly
1,"Llanbeblig, Carn."
1,Llanbadrach
1,Llanbadoc
1,Llanbadica
1,Llanbadarnfawr
1,"Llanbadarn, Aberystwyth"
1,Llanbadarn Fynydd
1,Llanbadarn Fawr
1,Llanathen
1,Llanarmon-yn-ll
1,Llanarmon-yn-Yale
1,Llanarmon-yn-Yal
1,"Llanallgo, Anglesey"
1,Llanafan
1,Llanaelharian
1,Llan
1,Llamuonno
1,Llamsamlet
1,Llagammarch
1,Lizard
1,Lixwm
1,Livesay
1,Litton
1,Littlewick Green
1,Littlehaven
1,"Little Silver, Devon"
1,"Little Newcastle, Pem."
1,Little Newcastle
1,Little Neston
1,"Little Mill, Pontypool"
1,Little Mill
1,Little Marcle
1,Little Haven
1,Little Eaton
1,Little Drayton
1,Little Downham
1,Little Dewchurch
1,Little Dean
1,Little Clacton
1,Little Budworth
1,"Lithgow, N.S.W."
1,Litchfield
1,Lisvane
1,"Liscard, Cheshire"
1,Lisburn
1,Lintz Ford
1,"Linton, Maidstone"
1,"Linton, Hereford"
1,Linthwaite
1,Lingoed
1,Lingford
1,Limavady
1,Lilleshall
1,Lightmoor
1,Lidbrook
1,Leyton Buzzard
1,Leyburn
1,"Lewisham, S.E."
1,Lewin Garnant
1,Letton
1,Letchworth
1,"Lenton, Notts."
1,Lennaxton
1,Leithrim
1,Leiston
1,Leintwardine
1,Leighton Buzzard
1,Leigh-on-Sea
1,Lee Brockhurst
1,Lee
1,Ledsham Village
1,Ledbury North
1,Leckwith
1,Lechlade
1,Leasewood
1,Leamigton
1,Leagrave
1,"Lea, Malmesbury"
1,"Lea, Hereford"
1,Layerthorpe
1,Lawston
1,"Latham, Lancs."
1,Latchingdon
1,Larne
1,Lanwood
1,Lantwidvardre
1,Lantrisant
1,Lansey
1,Langwith
1,Langunnor
1,Langton
1,Langston
1,"Langley, Oxford"
1,Langley Park
1,Langley Newtown
1,Langennech
1,Lang Harne
1,Lane Machen
1,Landwrog
1,Landuff
1,Landra
1,Landor
1,Lanarkshire
1,"Lanark, Scotland"
1,Lanark
1,Lampton
1,"Lamphey, Pem."
1,Lampha
1,Lampeter Velfrey
1,Lamdston
1,Lambrigg
1,"Lambeth,London"
1,"Lake, I.W."
1,"Ladbroke Grove, W."
1,LLanymynech
1,LLansannam
1,LLanidloes
1,LLangyfelach
1,LLangollen
1,LLanfyrnach
1,LLanengli
1,LLandyfodwg
1,LLandovery
1,LLandinam
1,LLandilo
1,LLandebie
1,LLanbrynmair
1,L.Cpl.
1,L augharne
1,L
1,Kynnersley
1,Kymin Hill
1,Knutton
1,Knucklas
1,"Knowle, Warwicks"
1,Knottingley
1,Knockin
1,"Knock, Lewis"
1,Kivernol
1,"Kirriemuir, Scotland"
1,"Kirkden, Scotland"
1,Kirkcudbright
1,Kirkby
1,Kirkburton
1,"Kirk Michael, Isle of Man"
1,Kipwick
1,Kinswood
1,Kinston-upon-Thames
1,"Kinsale, Co. Cork"
1,Kinnerton
1,Kinnersley
1,Kinnerley
1,"Kington, Hereford"
1,Kington Langley
1,"Kingstown, Jamaica"
1,Kingstone
1,"Kingston, Hants."
1,Kingsthorpe
1,Kingsheath
1,Kingsbridge
1,Kings Norton
1,Kings Heath
1,Kings Cross
1,Kingley
1,Kinghton
1,King's Stanley
1,King's Nympton
1,"King's Norton, Birm."
1,King's Lynn
1,King's Langley
1,"King's Heath, Birm."
1,Kineton
1,Kimberworth
1,Kilwinning
1,Kilvey
1,Kilston
1,Kilrea
1,Kilnhurst
1,Kilmore
1,Kilmarcow
1,Killshellan
1,Killroy
1,Killmallock
1,"Killarney, Ireland"
1,Killarney
1,Killamarsh
1,"Kill, Co. Waterford"
1,"Kilkeel Down, Ireland"
1,"Kilkee, Ireland"
1,Kilkampton
1,Kilgurrwg
1,"Kilgerran, Pembroke"
1,Kildare
1,"Kilcreggan, Scotland"
1,Kilbride
1,Kettlebrook
1,Keswick
1,"Kerry, Newtown"
1,Kerry Mont
1,"Kentish Town, London"
1,Kentish  Town
1,Kentchurch
1,Kensworth
1,"Kensington, London"
1,Kensal Rise
1,"Kennington, S.E."
1,Kenner
1,Kenley
1,"Kenilworth, Caerphilly"
1,"Kenfig, Glam."
1,Kempton
1,"Kempston, Beds"
1,Kempston Hardwick
1,Kempsel
1,"Kemp Town, Brighton"
1,"Kemeys Commander, Usk"
1,Kemberton
1,Kelvedon
1,Kelston
1,Kelsall Picton
1,"Kello, Ireland"
1,"Karachi, India"
1,Jullandar
1,Jordanston Hill
1,"Joppa, Edinburgh"
1,"Johnstown,nr. Wrexham."
1,"Johnstown, Denbigh"
1,"Johnston, Pembroke"
1,"Johnston, Denbigh"
1,John Jones
1,Jhansi
1,Jarvis Brook
1,Jacksdale
1,Ivington
1,Iver
1,Itchen
1,Isycoed
1,Islington Green
1,Isle of Anglesey
1,Isle Abbots
1,Isel
1,Ironbridge
1,Iron Bridge
1,Irlams-o'-th'-Heights
1,Irlam-o'-th'-Heights
1,"Ireland, Glam."
1,Irchester
1,Inverurie
1,Inverness
1,Ingrave
1,Ingoldsby
1,Indianapolis
1,Ince
1,Ilkeston
1,Ilchester
1,Ifton Heath
1,Icklesham
1,Hyson Green
1,Hyndland
1,Hwarden
1,Huyton Quarry
1,Huthwaite
1,Hussington
1,"Hurst Hill, Bilston"
1,Hurst
1,Hurdsfield
1,Hurback
1,Huntingdon
1,Hunslet Carr
1,Hundred House
1,Huline
1,Hughes Llangollen
1,Hughbury
1,Hugglescote
1,"Hugginstown, Ireland"
1,Hucknall Torkard
1,Hucknall
1,"Hubberston, Pem."
1,Hubberston
1,Hoyland
1,"Hoxton, N."
1,"Hoxton, Middlesex"
1,"Hoxton, London"
1,Howden-le-Wear
1,Houghton-le-Spring
1,Hough
1,"Hot Wells, Bristol"
1,Horwick
1,Horton
1,Horsehay
1,Hornsey Rise
1,"Horninglow, Staffs."
1,Horninglow
1,Horndon-on-the-Hill
1,Horncastle
1,Hornash
1,Horbury
1,Hopwas
1,Hopton-Wafers
1,Hope Mold
1,Hope Bowdler
1,Hookway
1,Hookley
1,Honeybourne
1,"Holywell, Flints."
1,"Holywell, Flints"
1,Holyhed
1,"Holyhead, Anglesey"
1,"Holy Cross, Shrewsbury"
1,"Holt, Denbighshire"
1,Holmes Chapel
1,Holme Lacey
1,Holme
1,Holmbrook
1,Hollywell
1,Hollybush
1,"Holly Bush, Mon"
1,"Holly Bank, Mon."
1,"Holloway, Middlesex"
1,"Holloway, London"
1,Hollinsgreen
1,"Hollingwood, Lancaster"
1,Hollingwood
1,Holcombe
1,"Holborn, London"
1,Holbeck
1,Holbech
1,Holbeach
1,Hodnet
1,Hoddlesden
1,Hoddesdon
1,Hoarwithy
1,Hitchen
1,Hirwaun
1,Hirwan
1,Hirst
1,"Hirnant, Montgomery"
1,Hinkley
1,Hindley Green
1,Hinckley
1,Higley
1,Highworth
1,Hightown
1,Highgate Hill
1,"Higher Walton, Lancs."
1,Higher Shotton
1,Higher Peover
1,"Higher Ince, Lancs"
1,Higher Blackley
1,Higher Bebington
1,Higham Ferrers
1,High Lane
1,High Harrington
1,"High Ercall, Salop"
1,High Ercall
1,High Cross
1,High Crompton
1,High Burton
1,High Bridge
1,"High Beech, Essex"
1,High Barnet
1,Heyside
1,Heybridge
1,Hexham
1,Heworth
1,Heversham
1,Heswall
1,"Heston, Hounslow"
1,Heskin
1,Hesketh Bank
1,Herefordshire
1,Heolyewy
1,Heolycyw
1,Heolycw
1,Heol-y-Cyw
1,Henstridge
1,Henllys
1,Henllyn
1,"Henllan, Cardigan"
1,Henllan S.O.
1,Henley
1,Henhoed
1,Henham
1,Henfynyw
1,Henfield
1,"Hendy, Pontardulais"
1,"Hendy, Carm."
1,Hendy
1,"Hendre, Mon."
1,Hendon
1,Henbury
1,Hemstead
1,Helsby
1,Helperby
1,"Hednesford, Staffs."
1,Hedley Hill
1,Hedheford
1,Heckmondwyke
1,Hebden Bridge
1,Hebburn
1,Heaviley
1,Heaton Park
1,Heaton Mersey
1,Heaton
1,Heathtown
1,"Heathfield,Glos."
1,Heal
1,Heafrey
1,Headland
1,Headington
1,Headcorn
1,Heacham
1,Hazlegrove
1,Hazelbury
1,"Hazel Grove, Cheshire"
1,Haywards Heath
1,Hayfield
1,"Haydock, Lancs."
1,"Hay,Hereford"
1,"Hay, Brecknock"
1,Hay's Castle Cross
1,Hay Mills
1,Hawkshead
1,Hawkeshead
1,Hawkesbury
1,"Hawardern, Flint"
1,Havodyryn
1,Havodwen
1,Haverthwaite
1,Haverforwest
1,Haverford West
1,Haverford
1,Hatton
1,Haswell
1,Hasswell Plough
1,Hasledon
1,Hasguard Pembroke
1,Hasfield
1,Hasbury
1,Harwood
1,Harwick
1,Harwell
1,Harvington
1,Harthill
1,"Hartford, U.S.A."
1,Hartford
1,Harrow-on-the-Hill
1,Harrold
1,Harringfield
1,Harracott
1,Harpole
1,Harpenden
1,Harold
1,Harmer Hill
1,Harlon
1,Harley
1,Harlesdan
1,"Harkin, Milford"
1,Hare Hatch
1,Hardwick
1,Hapsford
1,Hapnal
1,Hansbury
1,Hanley Swan
1,Hanley Castle
1,Hanham
1,Hanely
1,Handsforth
1,Handbridge
1,Hampton Hill
1,Hampton Fields
1,Hammerwich
1,"Hammer, Flint"
1,"Hamilton, Canada"
1,Hamilton
1,Hambledon
1,Halstead
1,Halnerend
1,"Hallow, Worcs."
1,"Hall Green, Birmingham"
1,Halkin
1,Halghton
1,"Halfway, Llanelly"
1,Halfway House
1,Halesworth
1,Halcoy
1,Halberton
1,Hailsham
1,Hailsea
1,Hadnall
1,Hadlow
1,"Hackney, London"
1,Hackney Weir
1,Hackford
1,Gwynnerton
1,Gwnws
1,Gwesthide
1,Gwespyr
1,Gwersylt
1,Gwersyallt
1,Gwernogle
1,Gwern-cae-Athraw
1,Gwent
1,Gwaunceagurwen
1,Gwaun-cae-Curwen
1,Gwaun-Cae-Gurwen
1,Gwaencae
1,Gwaelod-y-Garth
1,Gwaellodygarth
1,Gurwen
1,Gulval
1,Guisborough
1,Guiesley
1,Gt.Eccleston
1,Gt. Somerford
1,Gt. Packington
1,Gt. Linford
1,Gt. Haywood
1,Gt. Clacton
1,Gt. Amwell
1,"Grovesend, Nr. Swansea"
1,Grosmon
1,Groeslan
1,Groes
1,Grinstead
1,Grimston
1,Griffithstown +
1,Griffithstone
1,"Gresford, Wrexham"
1,"Gresford, Denbigh"
1,Grenwich
1,"Grenoside, nr. Sheffield"
1,"Grenfell,"
1,Grendon
1,"Greenwich, London"
1,"Greenhill, Swansea."
1,"Greenfield, Flint"
1,Great Staughton
1,Great Stambridge
1,Great Saughall
1,Great Orme
1,Great Gransden
1,Great Dunmow
1,Great Doddington
1,Great Burstead
1,Great Bardfield
1,Grassendale
1,Granville Jas. Mitchell Abergavenny
1,"Grange, Glam"
1,"Grange, Cardiff"
1,"Grange Villa, Co. Durham"
1,Grange
1,Granard
1,Graig
1,"Govilon, Mon."
1,Govan Glasgow
1,Gosberton
1,Gorran
1,Gorleston-on-sea
1,Gorleston-On-Sea
1,Gorebridge
1,Goodritch
1,Goodrich
1,Goodleigh
1,Gomersal
1,"Golt, Canada"
1,"Golden Grove, Carmarthen"
1,"Golden Grove, Carm."
1,"Goldcliffr, Mon."
1,Goldcliffe
1,Golborne
1,Golalming
1,Goginan
1,Godrergraig
1,Godrergaig
1,Godreaman
1,Godre'rgraig
1,Godment
1,Godiergraig
1,Godergraig
1,Godalming
1,Goch
1,Gobowen
1,"Glyntran, Denbigh"
1,Glynneath
1,Glynn
1,Glynmock
1,Glynhian
1,Glyneath
1,Glynderwen
1,Glynceirog
1,Glynawern
1,Glynarthen
1,"Glyn, Ruabon"
1,"Glyn, N. Wales"
1,Glustone
1,Glucester
1,Glounamuckle
1,Glouchester
1,Glifach Goch
1,Glenheath
1,Glendermolt
1,Glazebury
1,Glasynfryn
1,Glastonbury-on-Wye
1,Glastonbury
1,Glasgoed
1,Glasglow
1,Glascoed
1,"Glasbury, Radnor"
1,"Glanyrafon, Salop"
1,Glanwillyn
1,"Glanusk Park, Brecon"
1,Glantraeth
1,Glanrammell
1,Glanrafor
1,Glanrafon
1,Glanmore
1,"Glanmor, Glam."
1,Glanmire
1,Glanmir
1,Glangwenffrwd
1,Glangrorue
1,Glanavon
1,Glanaber
1,"Glan,Conway"
1,Glams
1,Glam.
1,"Glais, Glam."
1,Gladestry
1,Gisburn
1,"Gisborne, N.Z."
1,"Gisborne,  N.Z."
1,Gilligan
1,Gilfynydd
1,Gilfail
1,Gilfachreda
1,Gilfach-Goch
1,"Gilfach, Glam."
1,Giggleswick
1,Gibraltar
1,Gerlan
1,Gendros
1,"Gellygear, Glams."
1,"Gelly Crossings, Ystrad"
1,Gelly Caer
1,Gelligan
1,"Gelligaer, Tredegar"
1,"Gellifor, nr. Ruthin"
1,Gellifor
1,"Gelli, Glam."
1,Gelli Ystrad
1,Gelli Rhondda
1,Gellavalln
1,Gawthorpe
1,Gatshead
1,Gateley
1,Gateacre
1,Garway
1,"Garw Valley, Glam."
1,Garthmyl
1,Garthland
1,Garthisey
1,Gartheli
1,"Garth, nr.Neath"
1,Garth Beibio
1,Garndiffath
1,Garn-Dolbenmaen
1,Garmant
1,Garforth
1,"Garden Village, Wrexm."
1,Galway
1,Galston
1,Gallt-y-Foch
1,Galleywood
1,"Gaerwen, Anglessey"
1,"Gadlys, Aberdare"
1,Fyfield
1,Fulwood
1,Fullwood
1,"Fulham, London"
1,Fryton
1,Froome
1,Frondeg
1,Froghall
1,Frocester
1,Frizington
1,Frinton
1,Frinstead
1,"Freystrop, Pem."
1,Freystrop
1,Frevishire
1,Fressingfield
1,Frenchay
1,Freemantle
1,Frederick Walter John Harriston Issell
1,Frankford
1,"Frampton, Cotterlan"
1,Framfield
1,Foxhole
1,Foxdale
1,Fown Hope
1,"Fowlis, Perth"
1,"Four Crosses, Mont."
1,Foulridge
1,Foston
1,Forsbrooke
1,Forestfach
1,"Forest of Dean, Glos."
1,"Forest Gate, E."
1,"Forendlemore, N.B."
1,Fordoun
1,Fordingbridge
1,Ford
1,Foleshill
1,"Florida, U.S.A."
1,"Fleur-di-Lis, Mon."
1,Fleur-de-Lys
1,"Fleur-de-Lis, Cardiff"
1,Fint
1,Finedon
1,"Finchley, N."
1,Finchingfield
1,Filey
1,Filby
1,Ffynonddrain
1,Ffynnongroew
1,Ffrwd
1,Ffrith. Flint
1,Fforest Fach
1,Fflint
1,Ffawdden
1,Ffarirfach
1,Fetterhill
1,Fetcham
1,"Ferryside, Carm."
1,Ferrybridge
1,Ferry Side
1,Ferry Bridge
1,"Ferndale, Glam."
1,Fermanagh
1,Fenny Drayton
1,Felstead
1,Felling-on-Tyne
1,Fellham
1,"Felinfach, Cardigan"
1,Feering
1,Featherstone
1,Fawley
1,Farnsworth
1,Farnley
1,Farncombe
1,Farnborough
1,Farkel
1,Farington
1,Faringdon
1,"Falkirk, Stirling"
1,Falkirk
1,Fakenham
1,Fairwater
1,Fairford
1,Fairfold
1,"Fairfield, Liverpool"
1,Fairfield
1,Fairburn
1,Fairbourne
1,Failand
1,Facit
1,Eynon
1,Exton
1,Exlyally
1,Exhall Coventry
1,Exdale
1,Ewlot
1,Ewloe Green
1,Ewenny
1,Evercreeth
1,Evenjobb
1,"Euston Road, London"
1,Etruria
1,Ersland
1,Ernest Frank Davies
1,Erdington
1,Erbistock
1,"Epping, N.Wales"
1,Epping
1,Enniskillen
1,Energlyn
1,Endon
1,Emlyn
1,"Ely,Glam."
1,"Ely, nr. Cardiff"
1,"Ely, Glams."
1,"Ely, Glam"
1,Elwell
1,Elton
1,Elston
1,Elmstead
1,Elliottstown
1,Elliotstown
1,"Ellesmere, Salop."
1,Elgwyswrw
1,Elgin
1,Elford. Staffs
1,Elderslie
1,Elan Village
1,Egwysilan
1,Eglwysrhos
1,Eglwysfair
1,Eglwyseg
1,"Eglwysbach, Den"
1,Eglwys Bach
1,Eglwys
1,Eglwselan
1,Eglwiscla
1,"Egham, Surrey"
1,Effarm
1,Efailisaf
1,Edmundstown
1,Edmonsham
1,Edington Burtle
1,Edgley
1,Edgehill
1,"Edge Hill, Liverpool"
1,Edfynydd
1,Edenfield
1,Edenderry
1,Edenbridge
1,Eccleston Camp
1,Eccleston
1,Ecclesfield
1,Ecclesall
1,"Ebenezer, Carnarvon"
1,"Ebenezer, Carn."
1,Ebbw Vale.
1,Ebba Vale
1,"Eaton,Chester"
1,Eaton Bray
1,Eastleach
1,"Eastcroft, Yorks"
1,Eastcombe
1,Eastborne
1,East Malling
1,East Knoyle
1,East Isley
1,East Ilsey
1,"East Ham, London"
1,East Ham Essex
1,East Greenwich
1,"East Dean, Glos."
1,"East Cowes, I.O.W."
1,East Coker
1,East Cardiff
1,East Bridgeford
1,East Bierly
1,East Anstey
1,Easington Colliery
1,Easington
1,"Earlswood, Birmhm."
1,Earlsheaton
1,"Earls Court, London"
1,Earley
1,Earlestown
1,Earl's Heaton
1,Earl's Court
1,Earl's Colne
1,Earith
1,"Eardisley, Hereford"
1,Eardisland
1,Eakring
1,E. Greenwich
1,Duxmore
1,Dutton
1,"Durban, S.A."
1,"Durban, S. Africa"
1,"Dunnichen, Scotland"
1,Dunmow
1,Dunmanway
1,"Dunmanaway, Cork"
1,Dunkill
1,Dunham Massey
1,Dunham
1,Dungarvan
1,Dundry
1,Dumfermline
1,Dulverton
1,Dulgelley
1,"Dulaven, Dublin"
1,Dulais Lower
1,Dulais
1,Dukestown
1,Dufryn
1,"Dudley, Worcs."
1,Dudley Port
1,Duddeston
1,Dryslwyn
1,"Drury Lane, London"
1,Drumballa
1,Droylsdan
1,"Dromore, Co. Down"
1,Drogheda
1,Drighlington
1,Drefach
1,Drayton
1,Dranllywn Machen
1,Draithan
1,Downton
1,"Down, Ampney"
1,Dowlais Top
1,Doulting
1,"Douglas, Merthyr"
1,Dornock
1,"Donnington, Hereford"
1,Donnimagen
1,"Don Patrick, Co. Down"
1,Dolyhir
1,Dolwyddyn
1,Dollwyddelan
1,Dolgarrog
1,Dolfor
1,"Doe, Donegal"
1,Doddington
1,Dockhead
1,Dixton
1,Ditton Priors
1,Ditton
1,Ditherington
1,Disley
1,"Dingle, Liverpool"
1,Dinevor
1,"Dinas, Pem."
1,"Dinas, Glam."
1,"Dinas, Glam"
1,"Dinas, Carnarvon"
1,Dilwyn
1,Dihewyd
1,Digmoor
1,Digbeth
1,Dewsall
1,Devynock
1,Deudraeth
1,Desertmartin
1,Derwenlas
1,Derry Ormond
1,Derry
1,"Deri, Glam"
1,"Deolali, India"
1,Denver
1,"Denton, Manchester"
1,"Denton, Lancs."
1,Denis
1,Denholme
1,Denham
1,Denby Dale
1,Denbigshire
1,Denbighshire
1,Denaby
1,"Demock, Glos."
1,Delamere
1,Deiynock
1,"Dehra Dun, India"
1,Deeping St. Nicholas
1,Dedham
1,Deddington
1,Dearian Mawddy
1,Deanshanger
1,Daystone Leys
1,Dawlish
1,Dawdon
1,Davidstown
1,David Lloyd
1,Davenham
1,Darrington
1,Darnhall
1,Darenth
1,Darcy Lever
1,Danygraig
1,Damerham
1,"Dalziel, Lanark"
1,Dalton-in-Furness
1,Dalmarnock
1,Dale
1,"Daisybank, Staffs."
1,Dagenham
1,"Dafen, nr.Llanelly"
1,Dacre
1,Cyston
1,"Cyntwell, Cardiff"
1,Cynghordy
1,Cymystwyth
1,"Cymyglo, R.S.O."
1,Cymwyd
1,Cymore Vale
1,Cymman
1,Cym
1,Cylfynydd
1,Cyfoethybrenin
1,Cyffylliog
1,Cyffin
1,Cwnffrwd
1,Cwmystwyth
1,Cwmyoy
1,Cwmynysycoy
1,Cwmynyscoy
1,"Cwmtaff, Brecon"
1,Cwmpark
1,Cwmpare
1,Cwmman
1,Cwmgwybedog
1,Cwmgwrack
1,Cwmgwiddil
1,Cwmgorse
1,Cwmglo
1,Cwmgelly
1,Cwmgedd
1,Cwmgach
1,Cwmfredor
1,Cwmffradoer
1,Cwmfelin
1,Cwmdows
1,Cwmclais
1,Cwmbychan
1,"Cwmbwrla, Glam."
1,Cwmbwria
1,Cwmbellan
1,Cwmbargoed
1,Cwmargoed
1,Cwmanne
1,Cwmamman
1,"Cwmaman, Glam."
1,Cwmafon
1,Cwm-y-glo
1,"Cwm,Mon."
1,Cwm Penmachno
1,Cwm Gynt
1,Cwm -y- Glo
1,Cwbran
1,"Custom House, Essex"
1,Custom House
1,Curthwaite
1,"Curragh, Ireland"
1,Curacoa Pembroke
1,Culmstock
1,Cullercoats
1,Cugges
1,Cubbington
1,Crunwere
1,"Crumlin, Mon."
1,Croyde
1,Croxton Green
1,Croxley Green
1,Crouch End
1,Crosthwaite
1,Crosswood
1,Crosston
1,Crosspaenmain
1,Crosshill
1,Crosshands
1,Crossford
1,Crosscombe
1,"Cross Keys, Newport"
1,"Cross Inn, Cardigan"
1,Croseley
1,Crooksmoor
1,Crooks
1,Crompton
1,Cromlin
1,Croesor
1,Croesgoch
1,Croedyceliog
1,Crieff
1,Cricklewood
1,Cricklewell
1,Cricklade
1,Cricket Heath
1,Crick Heath
1,"Crick Adan, Brecon"
1,Cricheath
1,Cressing
1,Creselly
1,Crediton
1,"Cray, Brecon"
1,Crawshaw-Booth
1,Crawshaw
1,Crawford Village
1,"Craven Arms, Salop."
1,Cranbrook
1,Coychurch
1,Coxley
1,"Cowley, Staffs."
1,Cowleigh
1,"Cowbridge, Mon."
1,Cow Bridge
1,"Covent Gdn., London"
1,"Covent Gdn, London"
1,Coven Heath
1,"Courtmacsherry, Co. Cork"
1,Coughton
1,Cothy Bridge
1,Cothham
1,"Cosherton, Pembroke"
1,Cosherton
1,Cosham
1,"Corwen, Merioneth"
1,"Corston, Bristol"
1,Corston
1,Corsham
1,Cornelly
1,Corely
1,Coppull
1,Copperas
1,Coppenhall
1,Coombes Moor
1,Coombe Flowery
1,Cookley
1,Coob's Moor
1,Conwyl Elved
1,Conwy
1,Conwil Elfed
1,"Conway, Carn."
1,Consett
1,Conolcanol
1,"Connahs Quay, Flint"
1,Connahs Quay
1,Conisboro
1,Comin
1,Comberbach
1,Colyton
1,"Colwyn, Denbigh"
1,"Colwyn Bay, Denbigh"
1,Colwyn  Bay
1,Colwall
1,Colver
1,Colne Engaine
1,Coleshill
1,Colemere
1,"Colebrooke, Nantyglo"
1,Coldren
1,Coldhurst
1,Colborne
1,Coggeshall
1,Coedtalon
1,Coedpath
1,Coedfrank
1,Coedcwnwer
1,Coedana
1,Coed-Frane
1,Coed-Franc
1,Coed-Ffranc
1,Coed Franc
1,Codnor Park
1,Coddenham
1,"Cockett, Swansea"
1,Cocket
1,Cockermouth
1,Coatbridge
1,Co. Mayo
1,Co. Armagh
1,Clyst St. Mary
1,Clyro
1,Clynog
1,Clynnog
1,Clynnod
1,Clyne
1,Clydey
1,Clyde Bank
1,Clydachvale
1,Clydach-on-Towe
1,Clutton
1,Clungunford
1,Clunford
1,Clunderwen
1,Clunbury
1,Clover-och-Skitrine
1,Clonmell
1,"Clonmel, Ireland"
1,Clonmel
1,Clonakilty
1,"Clogheen, Wexford"
1,"Clock Face, St. Helens"
1,"Clocaenog, Ruthin"
1,Clifton-on-Teme
1,"Clifton ,Warwick"
1,Cliffe Matlock
1,Cliffe
1,Cliero
1,Clewstone
1,Clewer
1,Clevedon
1,Clevdon
1,"Clerkenwell, London"
1,Cleeve
1,"Clee Hills, Ludlow"
1,Clearwell
1,Claypit Yazor
1,"Claycross, Berby"
1,Claughton Village
1,Clatpon
1,Clarkenwell
1,"Clare, Ireland"
1,Clarbeston Road
1,"Clara, King's Co."
1,Clapton Park
1,Clandy Londonderry
1,Cladoc
1,Clacton-on-Sea
1,"City Road, E.C."
1,Cir
1,Cilycwm
1,Cilybebyll
1,Cilvingdd
1,Cilia-Aeron
1,Cilfren
1,Cilcernin
1,Cilcennin
1,Cil-y-Bebyll
1,Cifrew
1,Cibsiderfyn
1,"Chwilog, Canarvon"
1,Churchstroke
1,"Churchstoke, Mont."
1,"Churchstoke, Mon."
1,Churchfield
1,"Church, Lancs."
1,Church Taunton
1,Church Greasley
1,Church Eaton
1,Church Bank
1,Christleton
1,"Christchurch, Glam."
1,"Christchurch, Glam"
1,"Christ Church, Mon."
1,Chorlton-cum-Hardy
1,"Chorley,Lancs"
1,Chorley Lancs
1,"Chirk, North Wales"
1,"Chirk, Denbeigh"
1,Chippingham
1,Chipping Sodbury
1,Chipping Barnet
1,Chipping
1,"Chinlogm, Canarvonshire"
1,Chilton Moor
1,Childs Ercall
1,"Childray, Wantage"
1,Chiddon
1,Chiddingstone
1,Chetwynd
1,Chesterton
1,Chester-le-Street
1,Chester Green
1,Cheslyn Hay
1,Cheshunt
1,Chereton
1,Chequerbent
1,Chelmarsh
1,"Chefsee, Ireland"
1,Chearsley
1,"Cheapside, Birmhm."
1,Cheapside
1,Chatham Green
1,Chatburn
1,Charmouth
1,Charminster
1,"Charlton, S.E."
1,Charlton Mackrill
1,Charlton Kings
1,"Charleston, Pem."
1,Charlbury
1,Chappel
1,Chapmanslad
1,Chapel-en-le-Frith
1,Chalford Hill
1,Chalford
1,Chadsmore
1,Chadsmoor
1,Chadlington
1,"Chadderton, Lancs."
1,Cerrigydruidion
1,Cerrigceinwen
1,Cerrig-Y-Druidion
1,Cerriceinwen
1,Cerriceimven
1,Cenarth
1,"Cemmaes, Mont."
1,Cemmaes Road
1,Cemmaes
1,"Cemaes, Mont."
1,Celynin
1,Cellan
1,Ceidio
1,Cefnstyllte
1,Cefnlys
1,Cefnllan
1,Cefneglodd
1,Cefncoed
1,Cefnair
1,Cefn-y-bedd
1,Cefn-y-Bedd
1,Cefn-mawr
1,"Cefn, Ruabon"
1,"Cefn, Denbigh"
1,"Cefn, Brecknock"
1,Cefn Rogerstone
1,Cefn Merhyr
1,Cefn Gribbwr
1,Cefn Denbigh
1,Cefn Cribwr
1,Cefllys
1,Cefin Mawr
1,Cefin Coed
1,Caynham
1,Causeway Green
1,Catworth
1,Catsgore
1,Catref
1,"Caton,Lancs."
1,Cathcart
1,"Cathay,Cardiff"
1,"Catford, London"
1,Caterham-on-Hill
1,"Catbrook, Mon."
1,Catbrook
1,"Castleton, Cardiff"
1,"Castlefields, Shrewsbury"
1,Castlecombe
1,Castlebar
1,Castle Lyons
1,Castle Bromwich
1,Castle Ashley
1,Carsarra
1,"Carrog, Denbigh"
1,Carrington
1,Carrickbog
1,Carrick-on-Suir
1,Carrick-on-Sea
1,Carrick Castle
1,"Carnenden, Fife"
1,"Carne Town, Glam."
1,Carnarvonshire
1,Carnaron
1,Carnarfan
1,"Carmel, Carn."
1,Carlton
1,Carlsfield
1,Carleon
1,Carfiff
1,"Carew,nr. Pembroke"
1,Cardington
1,"Cardiff, Glam"
1,Cardiff (supposed)
1,Cardif
1,Capeldydydd
1,Capel-Curig
1,Capel Hendre
1,Capel Bangor
1,Capel
1,"Canton,Cardiff"
1,"Canton, Glam"
1,Canton Cardiff
1,Cantebury
1,Canran
1,Canonbury
1,"Canon-Pyon, Hereford"
1,Cannock Chase
1,Cannington
1,Canada
1,Camrose S.O.
1,"Campden, Glos."
1,"Camlonghy, Ireland"
1,Camgorse
1,Cambusnethan
1,Camarthen
1,"Cam, Glos."
1,Calton
1,Callington
1,Calliestown
1,"Callestick, Cornwall"
1,Callestick
1,"Calgary, Canada"
1,"Calewick, U.S.A."
1,Caldecot
1,"Calcutta, India"
1,Calcutta
1,Calcott
1,Cakemkore
1,Caithness
1,Cail
1,Cahir
1,"Caersws, Mont."
1,Caerhun
1,"Caergwrle, Flint"
1,"Caergurle, Flints."
1,Caergeiliog
1,Caerew
1,"Caerau, Glam."
1,Caedrau
1,Caedkernew
1,Caeathraw
1,"Cadzow, Lanark"
1,Cadoxton.
1,"Cadoxton, Glam."
1,Cadoxton Barry
1,Cadiff
1,"Cadaxton, Barry"
1,Ca
1,C. Ebbw Vale
1,C arnarvon
1,Byton
1,Bylchan
1,Bwyran
1,"Bwrghill, Hereford"
1,Bwlch Derwyn
1,Buxton
1,Buxhall
1,"Buttington, Mont."
1,"Bute Town, Rhymney"
1,Bushey
1,Bushbury
1,Bury-St.-Edmunds
1,"Bury, Lancs"
1,Bury St.Edmunds
1,Burwell
1,Burwardsley
1,Burtonwood
1,Burton-on- Trent
1,"Burton, Pem."
1,Burton Wood
1,Burton Leonard
1,Burryport
1,Burry port
1,Burry Fort
1,Burry
1,Burrow Bridge
1,Burnside
1,Burnopfield
1,Burngreave
1,Buriton Shrops.
1,Burghill
1,"Burchgwyn, Wrexham"
1,Buncrana
1,Bumford Hill
1,Bulwell
1,Bullington
1,Bullford Johnston
1,Buller Thorpe
1,"Builth Rd, Radnors."
1,Bugsworth
1,Buglawton
1,Buenos Ayres
1,"Buckley, Flint"
1,Buckland
1,Buckinmill
1,Buckingham
1,Brynypibau
1,Brynydarren
1,"Brynsadler, Glams."
1,Brynnawr
1,"Brynna, Glam."
1,Brynna
1,Brynn
1,Brynmoel
1,Brynmenyn
1,Brynmenin
1,Brynmattock
1,Brynloch
1,Brynhyfyd
1,Brynhycryd
1,Bryngwyn
1,"Bryngwerin, nr. Abergvny"
1,Brynguran
1,Brynfynnon
1,Bryncroes
1,Bryncoch Lawnt
1,Brynbrenin
1,"Brynbella, Builth Wells"
1,Brynawelor
1,Brynannan
1,"Bryna, Glam."
1,Bryn. Nr. Wigan
1,Bryn-Eglwys
1,"Bryn, Denbeighshire"
1,Bryn Penpergwm
1,Bryn Fields
1,Bryn Eglwys
1,Bryn Croes
1,Brymteg
1,"Brymbo, Denbigh"
1,Brumbrow
1,Broxburn-by-Bathgate
1,Brownshill
1,Brown Hills
1,Brown Barrowford
1,Broughton Moor
1,Brotherton
1,Broomhall
1,Brookwood
1,Brookthorpe
1,Bronwylfa
1,Bronrhiw
1,Bronllys
1,Bronington
1,"Bromyard, Worcs."
1,"Bromyard, Hereford"
1,Bromwich
1,Bromstead
1,Brompton
1,"Bromley, Staffs"
1,Bromfield
1,Bromborough
1,Brockweir
1,"Brockley, London"
1,Brockenhurst
1,Broadwell Lane End
1,Broadoak
1,Broadhaven
1,Broadclyst
1,"Broad St., Worcester"
1,Broad Heath
1,Broad Haven
1,"Brixton, S.W."
1,Brixton Hill
1,Brixham
1,"Britton,Bristol"
1,British Guiana
1,Brinmill
1,"Bringsty, Worcs."
1,Brindle
1,Brimington
1,Brimbo
1,"Brightside, Sheffield"
1,Brightside
1,Briersfield
1,"Brierfield, Lancs."
1,Briercliffe
1,Bridlington
1,Bridgeton
1,"Bridgend, Perth"
1,Bridgeend
1,Bridge Trafford
1,Bridge
1,Bridegwater
1,Breton
1,Brereton
1,Brentford
1,Bremhill Calme
1,Breinton
1,Bredwardine
1,Bredbury
1,Breconshire
1,Brechin
1,Brechfa
1,Bream
1,Braybourne
1,Brawdy
1,Braunton
1,"Braunce, Well. Lincs."
1,Bransberrow Heath
1,Brandon
1,Brampton Brian
1,Brampter
1,"Bramley, Leeds"
1,Bramhall
1,Bragoed
1,Bradwell Grove
1,Bradpole
1,"Bradley, Staffs."
1,Bradley Green
1,Bracebridge
1,Boylestone
1,"Boxley, Staffs"
1,Box
1,Bowness
1,Bowners
1,Bowdon
1,"Bow Street, S.O."
1,Bovey Tracey
1,Bourne
1,Bournbrook
1,Boulston
1,Boughton Heath
1,Boughrood
1,Botwnog
1,Bottwnog
1,"Botchergate, Carlisle"
1,Botanay
1,"Boston, U.S.A."
1,"Boston, Lincoln"
1,Boseley
1,Boscombe
1,"Borth, Cardiganshire"
1,Borsley
1,Borsdale Wood
1,"Borough, London"
1,Borough
1,Borfl-Wen
1,Boreham Wood
1,Boraston
1,Bonymaen
1,"Bonvilston, Cardiff"
1,Bonvilston
1,Bontnewydd
1,Bontddu
1,Bontddin
1,Bomere Heath
1,Bolton-le-Sands
1,Bolsterstone
1,Bodffordd
1,"Bodfari, Denbigh"
1,Bodfain
1,Boderdern
1,Bodelwyddan
1,Bodedern Valley
1,Bodathan
1,Bockerston
1,Blythe Bridge
1,Blundellsands
1,Blowick
1,"Bloomsbury, London"
1,Bliana
1,Blethingdon
1,Bletchingley
1,Bleanannarch
1,Blaunau Festiniog
1,Blanor
1,Blangham
1,Blangar
1,Blanfort
1,Blanegwynfi
1,Blakewell
1,Blakesley
1,Blaisdon
1,Blairgowrie
1,Blaenyfoel
1,Blaensychan
1,Blaenllechan
1,Blaengwnfi
1,Blaengwfni
1,Blaenforth
1,Blaenflos
1,Blaencriborfach
1,Blaenchydach
1,Blaenau
1,Blaenanerch
1,Blaen Rhondda
1,Blaen Clydach
1,Blaeavon
1,Blackwell
1,Blackthorn
1,"Blackpill, Glam."
1,Blackpill
1,Blacknell
1,Blackmoore
1,"Blackfriars, S.E."
1,"Blackfriars, London"
1,Blackfrairs
1,Blackbrook
1,Blackbridge
1,Black Torington
1,Black Heath
1,Bitton
1,Bisphops Castle
1,Bispham
1,Bisley
1,Bishopsworth
1,Bishopstown
1,Bishopsgate
1,Bishopsfrome
1,Bishops Frome
1,Bishop's Waltham
1,Bishop's Stortford
1,Bishop Aukland
1,Birtle
1,Birstall
1,"Birr, Ireland"
1,Birkinhead
1,Birkdal
1,Birdbrook
1,Birchley Heath
1,"Birches, Leominster"
1,"Birch Grove, Swansea"
1,Birch Grove
1,Binsham
1,"Bindsley, Denmark"
1,Bilsborough
1,Billingsley
1,Billings
1,Biggleswade
1,Bidworth
1,Bidston
1,Bicknoller
1,Bickerton
1,Bickerstaffe
1,Bickershaw
1,Bicester
1,Bibury
1,Bexley
1,Bexhill
1,Bewdley
1,Bevington
1,Beverley
1,"Beulah, Card."
1,Beulah
1,Betws-y-coed
1,Betws
1,Bettys-y-Coed
1,Bettwys
1,Bettws-yn-Rhos
1,Bettws-in-Rhos
1,Bettws-Gwerful-Goch
1,"Bettws, nr. Newtown"
1,"Bettws, Glamorgan"
1,"Bettws, Carm"
1,Bettws G.G.
1,Bettws Abergele
1,Bettws -Garmon
1,Betton Strange
1,"Bethesda, Carnarvon"
1,"Bethel, Carnarvon"
1,Besses o' the Barn
1,Bessels Green
1,Berwyn
1,Berthengarn
1,Berthengam
1,Berrington
1,Bermondsley
1,"Berkley, Frome"
1,Berkhamstead
1,Berkhampstead
1,Berkeley
1,Beriew
1,"Bepton, Midhurst"
1,Bennett
1,Benllech
1,"Benien, Mont"
1,Benbigh
1,Bembridge
1,Belvedere
1,Belgravia
1,Belgrave
1,Belan
1,"Beguildy, Radnor"
1,Beguildy
1,"Begelly, Pembroke"
1,Begelley
1,Beeley
1,Bedwilly
1,"Bedweltty, Rhymney"
1,Bedwelly
1,"Bedwellty, Victoria"
1,"Bedwellty, Ebbw Vale"
1,Bedmuinster
1,Beddoe
1,Beddglert
1,Beddau
1,Beckermet
1,Beaumont
1,Beaulieu
1,Beauford
1,Bearsted
1,Bearsham
1,Beanswood
1,Beaconsfield
1,"Bayswater, Middx."
1,Bayswater
1,Bawtry
1,Baughurst
1,"Battle,Brecon"
1,Battle
1,"Bathurst, Cardigan"
1,Basingstoke
1,"Baschurch, Salop"
1,Barwell
1,Barton-on-Humber
1,"Barton, Lancs"
1,"Barton, Lances."
1,"Barton Hill, Bristol"
1,Barton Hill
1,Barry.
1,"Barrow, Suffolk"
1,"Barony, Lanarks."
1,"Barony, Lanark"
1,Barony
1,Barnston
1,"Barnsley, Cirencester"
1,Barnsburry
1,Barneswell
1,Barnes
1,Barlborough
1,Barford
1,Banteer
1,Banstead
1,Bannow
1,Bangor Isycoed
1,"Banff, Scotland"
1,"Bandon, Cork"
1,Bampton
1,Bamouth
1,Bamberbridge
1,Bamber Bridge
1,"Balybog, Co. Kerry"
1,"Balsall Heath, Birm."
1,Ballymot
1,Ballyhale
1,Ballyguiry
1,Ballycrnew
1,"Ballindee, Ireland"
1,Ballinagore
1,Ballina
1,Ballenaheglish
1,Ballagadareen
1,"Balla, Merioneth"
1,Balderton
1,Balby
1,Bailiborough
1,Baguley
1,Bagueley
1,Bagshot
1,Baglan Higher
1,"Bagillt, Flints."
1,Baghillt
1,Bagelly
1,Bageley
1,Baddon
1,Baddelwyddan
1,Bacton
1,Aylwin
1,Aylestone
1,"Axton, Holywell"
1,Axbridge
1,"Awre,Glos."
1,Avonwen
1,Avenbury
1,"Aukland, N.Z."
1,Audlem
1,Audenshaw
1,"Auckland,  N.Z."
1,Atwick
1,Attleboro' Nuneaton
1,Aston-in-Makerfield
1,"Aston, Hawarden"
1,"Aston, Birmhm."
1,Aston Santford
1,Aston Birmingham
1,"Astley, Lancs."
1,Astley
1,Asthon-under-Lyne
1,Astely Bridge
1,Astbury
1,Aspley Guise
1,Aspatria
1,Askam-in-Furness
1,Ashwell
1,Ashton-under-lyne
1,Ashton-under-Lyme
1,"Ashton Gate, Bristol"
1,Ashton Gate
1,Ashsted
1,Ashley Downs
1,Ashleford
1,Ashford Bowdler
1,Asherton
1,Ashcott
1,Ashby-de-la-Zouch
1,Ashbocking
1,Ash Vale
1,Ash
1,Arthur's Bridge
1,Arthill
1,Arnside
1,"Arnold, Notts."
1,Armr. S/Sgt.
1,Arlesey
1,Arksey
1,Argold
1,"Argoed, Mon."
1,"Argoed, Blackwood"
1,"Ardwick, Manchester"
1,"Ardrie, Scotland"
1,Ardleigh
1,Arddleen
1,Arbroath
1,"Appleton, Dinas"
1,"Appledore, Kent"
1,Appledore
1,Antrim
1,Ansford
1,Ansdall
1,Annfield Plain
1,"Angleton, Bridgend"
1,Anglessey
1,"Angle, Pembroke"
1,"Angle, Pem"
1,"Angle,  Pembroke"
1,Angesea
1,Anfield
1,Anderston
1,Andenshaw
1,Amwyrfan
1,Amroth
1,Ampney-Crucis
1,Ampney Cruces
1,"Ammanford, Carm."
1,Amlwych
1,"Amlwch, Anglesea"
1,Amesbury
1,Amersham
1,Ambleston
1,Amblecot
1,Ambergate
1,Amber Gate
1,Alweston
1,Alverstoke
1,Alveley
1,Altrinchan
1,Altofts
1,Altham
1,Alsager
1,Alpraham
1,Alnwick
1,Almondbury
1,Allywails
1,Allwen
1,"Alltwen, Glamorgan"
1,Alltwen
1,Allithwaite
1,Allenwick
1,Allensmore
1,"Allahabad, India"
1,All Saints
1,Alfrick
1,Alfreton
1,Alford
1,Alderminster
1,Alderley
1,"Alberta, Canada"
1,Akenham
1,"Airdrie, Scotland"
1,Ainsworth
1,Ainsdale
1,"Aidenderry, Ireland"
1,"Agra, India"
1,Adwy Bersham
1,Adpar Newcastle Emlyn
1,Adeney
1,Addlestone
1,Adderley Green
1,Adar
1,Acton Vale
1,Acton Beauchamp
1,"Acre-Fair, Ruabon"
1,Acklington
1,Ackill
1,"Abram, Lancs."
1,Abingdon
1,Abeverch
1,Aberystwyth Quay
1,Aberystruth
1,Aberystroyth
1,Aberyschan
1,"Aberyron, Cardigan"
1,Aberydwr
1,Abervale
1,Abertyrswg
1,Abertrient
1,Abertiller
1,Aberthaw
1,Abersytwyth
1,Aberstruth
1,Abersaron
1,Abernethy
1,Abernaut
1,Aberllynfi
1,Aberllyfni
1,Aberllefenny
1,Aberllefenni
1,"Aberhosan, Mont"
1,Abergynolwyn
1,Abergwtnfi
1,Abergorchy
1,"Abergele, Denbigh"
1,Abergainthy
1,Aberffrwd
1,Aberdarem
1,Abercynnon
1,Abercychan
1,Abercorn
1,Aberbergoed
1,Aberanan
1,Aberamman
1,Aberafan
1,Aber.nr.Bangor
1,Aber Arth
1,Abecanaid
1,Abbey Cwmhir
1,A.B.
